0.040741, 0.0228435, 0.0449435, 0.0101417, 0.0171679, 0.0523053, 1.59632, 2.55268
0.207172, 0.257348, 0.220162, 0.149698, 0.152612, 0.175901, 0.0728197, 0.150614
0.761328, 0.95188, 0.774907, 0.68971, 0.988276, 0.865459, 2.05524, 2.42577
0.331209, 0.343186, 0.252264, 0.279881, 0.189751, 0.127263, 0.0879396, 0.00122268
0.418695, 0.319826, 0.253189, 0.211188, 0.495418, 0.407452, 1.0184, 1.52371
0.00121574, 0.00208688, 0.00077408, 0.00869857, 0.0366795, 0.0173376, 0.770643, 1.43823
4.48038e-05, 0.00124339, 0.00128024, 0.00359003, 0.000187302, 0.00227101, 0.830848, 0.677348
0.5435, 0.569837, 0.493087, 0.43131, 0.585852, 0.532678, 1.96433, 2.72766
0.072553, 0.0932715, 0.0315374, 0.0143893, 0.0615658, 0.320926, 0.379718, 0.856653
0.256135, 0.294946, 0.290317, 0.370089, 0.152429, 0.545493, 0.213859, 0.134381
1.5069, 1.33502, 1.42398, 1.54655, 1.55426, 0.992766, 0.00253627, 0.181526
4.14968, 4.55042, 4.22908, 4.26509, 5.20719, 6.15722, 9.84428, 6.01605
0.000125273, 3.06451e-05, 0.000213017, 0.00124484, 0.0387743, 0.00653616, 0.226753, 0.213282
0.107888, 0.0555611, 0.00107944, 0.0557213, 0.0756177, 0.0133241, 3.35425, 6.2087
0.54629, 0.309191, 0.426608, 0.48137, 0.442278, 0.416295, 0.0723775, 0.160536
0.0176822, 0.0365239, 0.336016, 0.0324697, 0.180119, 0.58284, 0.0291006, 0.24642
0.0488555, 0.0350796, 0.0509139, 0.0703086, 0.020782, 0.0329623, 0.418583, 0.646762
0.0384894, 0.0371462, 0.0176922, 0.0514336, 0.0182598, 0.0380935, 0.072415, 2.78341e-05
0.0151194, 0.0322199, 0.00977136, 0.0440907, 0.00532339, 0.000682484, 0.153819, 0.623454
0.16848, 0.160484, 0.199942, 0.137573, 0.156237, 0.0563209, 0.542526, 0.501653
0.528435, 0.650516, 0.578088, 0.982475, 0.644914, 0.731019, 6.14685, 7.85464
0.585816, 0.47926, 0.463773, 0.554255, 0.358712, 0.561038, 0.125888, 0.104391
0.323923, 0.237609, 0.0706317, 0.24614, 0.284016, 0.0927767, 1.53903, 2.78011
0.13117, 0.0821214, 0.0854676, 0.117116, 0.0801045, 0.0984172, 0.477382, 1.02738
0.494538, 0.200912, 0.488995, 0.267516, 0.55515, 0.221381, 2.23384, 1.45274
0.401591, 0.336053, 0.334161, 0.345797, 0.491057, 0.472931, 0.157368, 0.751574
0.0148278, 0.00879843, 0.0143938, 0.00500778, 0.0228128, 0.00520367, 0.0404345, 0.000849971
0.0244395, 0.0318584, 0.0146887, 0.0393824, 0.000851102, 0.0832463, 0.175166, 0.0712589
0.25492, 0.288633, 0.188322, 0.251037, 0.248091, 0.19253, 0.0662781, 0.0134684
0.0274914, 0.0217787, 0.0404502, 0.0585369, 0.00736497, 0.0486383, 0.0127579, 0.0128021
0.604539, 0.577038, 0.500423, 0.264244, 0.553576, 0.330408, 1.11916, 2.24326
1.93688, 2.0533, 2.03044, 2.46839, 2.51017, 1.81543, 3.67379, 4.22822
0.0130855, 0.0163312, 0.0154036, 0.00332848, 0.0091211, 0.0388275, 1.91628, 1.31957
0.414293, 0.392213, 0.410739, 0.542801, 0.443167, 0.659181, 0.54738, 0.82923
0.625221, 0.625174, 0.626253, 0.516234, 0.578415, 1.01574, 4.16643, 4.10325
0.0343868, 0.0290267, 0.00343916, 0.00702687, 0.00738616, 0.00633693, 1.0824, 0.830019
0.016806, 0.0175004, 0.0131848, 0.00188791, 7.81814e-05, 0.00133581, 0.460698, 0.534939
0.424878, 0.261774, 0.269182, 0.543691, 0.11284, 0.3244, 3.18124, 4.95765
0.0905859, 0.0931242, 0.0902986, 0.0908857, 0.0740193, 0.0304329, 0.0356238, 0.0013229
0.738337, 0.83585, 0.766845, 0.887014, 0.348972, 0.408737, 0.47318, 0.270255
0.0141934, 0.000790573, 7.81287e-08, 0.0230038, 0.00192093, 7.74798e-05, 0.0264596, 0.157378
0.108145, 0.0868796, 0.0765563, 0.0341191, 0.348247, 0.284991, 0.573493, 0.926787
1.23646, 1.17453, 1.0871, 1.02245, 1.76203, 1.80802, 0.0611398, 0.133755
0.989906, 1.05907, 0.768919, 0.924281, 0.58122, 0.686312, 1.93923, 3.02053
6.13803e-06, 0.000691783, 0.00722085, 0.00236941, 0.00104535, 1.50551e-06, 0.0209876, 0.0148501
3.11442e-05, 0.00867715, 0.00063571, 0.00106645, 0.00079198, 0.0171815, 0.128294, 0.00911149
0.0359494, 0.025783, 0.00812752, 0.00567839, 0.013928, 0.047537, 0.0102584, 0.177904
0.170771, 0.138969, 0.163997, 0.22088, 0.153516, 0.00853969, 0.197443, 1.0279
0.0217813, 0.00725262, 0.131914, 0.0256152, 0.00873585, 0.107637, 0.215818, 0.257748
0.127344, 0.0586397, 0.0316079, 0.25143, 0.117969, 0.000150085, 0.114057, 0.402252
2.04489, 2.03952, 2.21658, 2.19946, 1.28899, 2.78479, 0.316769, 1.73176
0.236408, 0.221503, 0.234734, 0.256399, 0.133563, 0.179702, 0.275234, 0.245244
0.134666, 0.142939, 0.0666286, 0.136711, 0.134014, 0.0206086, 0.469688, 0.77361
0.146547, 0.112395, 0.113718, 0.141105, 0.238878, 0.0982369, 0.268022, 0.304663
0.0329996, 0.034844, 0.0498301, 0.186684, 0.129654, 0.2995, 1.35392, 1.15157
0.685549, 0.649391, 0.867459, 0.730776, 0.9486, 0.840418, 1.92915, 1.56402
0.00497439, 0.000516917, 0.00573951, 0.000146566, 0.00304577, 0.0083018, 0.954514, 1.09079
0.241176, 0.212355, 0.255414, 0.20214, 0.149334, 0.244101, 0.0075194, 0.000281323
0.701385, 0.702016, 0.526091, 0.73666, 1.07097, 0.323839, 0.645129, 0.165759
0.753119, 0.778634, 0.732661, 0.905509, 0.551445, 0.703825, 0.00707518, 0.0997239
0.052932, 0.00735919, 0.0299583, 0.037749, 0.00605955, 0.0430176, 0.729427, 0.000228494
0.0271729, 0.0246327, 0.0173758, 0.0928778, 0.0271663, 0.0286251, 2.0671, 1.83221
0.101454, 0.125106, 0.0568196, 0.0513254, 0.0381872, 0.0392853, 1.52629, 2.11776
0.307223, 0.303602, 0.120742, 0.212182, 0.360552, 0.198494, 0.349577, 0.68013
0.0599461, 0.132627, 0.0571227, 0.15248, 0.0359588, 0.087198, 0.343805, 0.438765
0.0543623, 0.0456259, 0.0693365, 0.0834965, 0.0866852, 0.104054, 0.00931871, 0.0112346
0.00246286, 0.00081951, 0.0020955, 0.00395698, 0.0030834, 0.0485634, 0.135051, 0.0576941
0.526679, 0.528002, 0.342509, 0.393121, 0.378402, 0.609477, 0.404801, 1.34209
0.592024, 0.571456, 0.572421, 0.432834, 0.78479, 0.758899, 0.189774, 0.00675276
4.98422, 5.04186, 4.96087, 4.50127, 4.58776, 5.11215, 3.05506, 6.81029
0.218718, 0.208657, 0.15484, 0.155831, 0.212323, 0.123841, 0.00600003, 0.0973242
0.0734653, 0.0666426, 0.0197091, 0.0399526, 0.0419795, 0.01466, 0.158027, 0.422552
0.0194349, 0.0326302, 0.0528393, 0.101933, 0.115311, 0.0826599, 0.560283, 0.533052
0.0104727, 0.00926126, 0.00362401, 0.0768274, 0.0183596, 0.0331285, 0.0585048, 0.0710379
0.104316, 0.102463, 0.124856, 0.145647, 0.00167556, 0.0088056, 0.330903, 0.919097
0.000329042, 2.31592e-05, 0.000879418, 0.00159962, 0.00427844, 0.00651221, 0.215374, 0.361111
0.00546003, 0.00733948, 0.0177213, 0.0319276, 0.0224569, 0.00226677, 0.229442, 0.264905
0.357189, 0.33125, 0.301321, 0.548515, 0.262835, 0.172221, 0.840356, 1.77204
0.151336, 0.126706, 0.169725, 0.103446, 0.223437, 0.32127, 0.162259, 0.0826091
0.546453, 0.408451, 0.433629, 0.47684, 0.560261, 0.398241, 0.162776, 0.890672
1.15294, 1.30071, 1.29618, 1.58377, 0.433228, 0.336041, 0.514572, 0.686074
3.40788, 3.20701, 3.28487, 2.79129, 4.10014, 4.73142, 2.49806, 2.75756
0.0317643, 0.0271449, 0.0480565, 0.0601959, 0.0422219, 0.205721, 0.688069, 0.913268
0.11541, 0.108307, 0.135642, 0.171383, 0.0889658, 0.270614, 4.07969, 6.06249
0.620261, 0.709805, 0.67054, 0.683328, 0.560561, 0.598275, 0.00777541, 0.0539819
0.000184602, 0.000187899, 0.00278292, 6.48223e-05, 0.00292481, 0.00121645, 0.0706769, 0.0717673
0.0910106, 0.141808, 0.12254, 0.119107, 0.162574, 0.0846324, 0.16515, 0.180552
0.0359297, 0.0295262, 0.0254092, 0.02397, 0.0927564, 0.022758, 0.234255, 0.119616
0.0231127, 0.0167238, 0.0203958, 0.000495251, 0.033816, 0.0301615, 0.676968, 0.476435
0.28958, 0.298562, 0.194314, 0.19619, 0.236203, 0.196552, 0.0635757, 0.0133583
0.224441, 0.214456, 0.154944, 0.156624, 0.381186, 0.0817111, 0.449656, 0.159432
2.44404, 2.67827, 2.64497, 3.13012, 1.85861, 1.34127, 1.316, 1.21028
0.000804376, 0.0358098, 0.0326196, 0.0225977, 0.0689745, 0.240565, 1.25511, 0.642169
0.320892, 0.28597, 0.263505, 0.304063, 0.209202, 0.148745, 0.158866, 0.115158
0.0961951, 0.096662, 0.0863067, 0.0885476, 0.0485655, 0.000576678, 0.536149, 0.51873
1.43354, 1.41753, 1.43496, 1.58354, 1.33408, 1.2485, 0.133708, 0.797189
0.375469, 0.350241, 0.389741, 0.525499, 0.255715, 0.504729, 0.170511, 0.775656
0.331883, 0.373976, 0.428541, 0.201723, 0.407381, 0.500965, 1.24115, 0.873845
0.26496, 0.244345, 0.127703, 0.105952, 0.302649, 0.0719891, 0.409117, 0.00801682
0.0443312, 0.0290405, 0.0426488, 0.0817323, 0.0850624, 0.0472869, 1.01643, 1.31021
0.00248855, 0.00343357, 6.81459e-05, 0.000429426, 0.000562839, 0.00377297, 0.30733, 0.103713
0.485183, 0.492218, 0.522869, 0.471427, 0.759573, 0.68191, 1.81383, 1.79195
0.270464, 0.262751, 0.0187319, 0.115417, 1.03816, 0.0311846, 1.61141, 1.31663
0.352051, 0.424472, 0.415876, 0.441316, 0.286547, 0.433013, 0.208544, 0.245365
0.0370272, 0.0433828, 0.031742, 0.00462746, 0.0955584, 0.0328974, 1.11314, 0.524127
0.06879, 0.0544241, 0.0276004, 0.0111586, 0.0322202, 0.0616342, 0.0379509, 0.248428
0.225643, 0.268026, 0.295418, 0.203124, 0.151632, 0.318032, 1.49946, 1.15537
0.0639164, 0.064447, 0.0637119, 0.0695218, 0.0633084, 0.0500898, 0.0470383, 0.121093
1.10114, 0.964531, 0.860937, 0.829278, 0.769757, 1.05073, 0.657998, 1.8697
0.00525303, 0.000973812, 9.52446e-05, 0.0100884, 0.000423897, 0.0190368, 0.885305, 1.41853
2.71252, 2.75748, 2.98194, 2.71431, 1.549, 3.07569, 1.1471, 2.68283
1.03446, 1.10698, 1.07456, 1.08294, 1.10676, 1.02025, 0.166677, 0.0338285
0.0655004, 0.0681585, 0.0332738, 0.0850956, 0.0149821, 0.0026686, 1.25973, 0.729215
0.0287001, 0.00889787, 0.0183952, 0.0291354, 0.113022, 0.130844, 0.00887066, 0.161456
1.11309, 1.05725, 1.08884, 1.27305, 1.18438, 1.16905, 0.712644, 1.83916
1.14448, 1.07945, 1.03866, 1.08895, 0.670535, 0.523639, 2.36541, 2.96753
0.092198, 0.163325, 0.110636, 0.144805, 0.209386, 0.128045, 0.817365, 0.349247
0.00526178, 0.0018803, 1.17672e-05, 0.0172682, 0.0348828, 0.0394223, 0.00339591, 0.0491863
0.633523, 0.686754, 0.447672, 0.197379, 0.358768, 0.251875, 1.74813, 0.299204
0.0122481, 0.0238898, 0.000371951, 0.0180592, 8.3222e-06, 0.0445117, 0.0115162, 0.0356415
0.0153074, 0.0150901, 0.0123493, 0.000475433, 0.111211, 0.0870961, 0.0459772, 0.000503001
0.10727, 0.0616751, 0.129571, 0.0691375, 0.170472, 0.141562, 1.31685e-05, 0.0145971
1.12231, 1.2174, 0.974151, 0.886917, 1.43951, 1.33701, 0.505204, 0.514242
0.0267666, 0.0298168, 0.0253606, 0.0306067, 0.0699795, 0.0335336, 2.67256, 1.46798
0.00419324, 0.00839033, 0.00190922, 4.14455e-06, 5.70183e-06, 0.0184708, 1.57246, 1.39653
0.0162543, 0.018875, 0.00582552, 0.0138471, 0.0281755, 0.0374753, 0.122177, 0.0234178
0.115891, 0.112108, 0.104812, 0.106256, 0.073968, 0.0823105, 0.0204563, 0.123365
0.0282536, 0.0440144, 0.0191733, 0.0222784, 0.000934228, 0.100082, 0.569177, 0.0284844
0.0461445, 0.0469899, 0.10644, 0.172628, 0.00279302, 0.0407807, 1.01876, 0.865158
0.033575, 0.0609209, 0.0286694, 0.0608691, 0.0388076, 0.0523905, 0.0366031, 0.13871
0.0108376, 0.00640515, 0.00344995, 0.0102666, 0.0110176, 0.00644593, 0.00871121, 0.0612235
0.00016092, 0.00012033, 0.00203919, 0.0198009, 0.00500691, 0.0110655, 1.02457, 0.736087
0.128998, 0.131464, 0.0981871, 0.0789045, 0.0378505, 0.0119768, 4.14851, 3.44706
0.00369496, 0.00967048, 0.00534343, 0.0298896, 0.0120564, 7.60139e-06, 0.185766, 0.12237
0.026681, 0.0664374, 0.0406367, 0.000768574, 0.262095, 0.0863108, 1.34205, 0.667855
0.165619, 0.200601, 0.171633, 0.141271, 0.249853, 0.0869678, 0.17266, 0.0878051
0.0574901, 0.0875928, 0.0525082, 0.0751505, 0.102048, 0.0450479, 0.642643, 1.62845
0.43037, 0.38082, 0.310787, 0.348855, 0.755957, 0.507515, 1.15214, 0.824425
0.179951, 0.310073, 0.166442, 0.105676, 0.353018, 0.194414, 0.27142, 0.142724
1.01178, 0.362496, 0.44237, 0.772252, 1.18715, 1.1341, 0.530458, 1.05055
0.443048, 0.790273, 0.489129, 0.908072, 0.819535, 0.825938, 1.80236, 0.978016
4.6094, 4.88929, 4.44541, 4.10162, 4.64131, 3.96573, 3.13188, 6.21772
0.420459, 0.381825, 0.383488, 0.402666, 0.769816, 0.701724, 0.436224, 0.631139
0.16544, 0.113621, 0.212354, 0.15608, 0.0265667, 0.104027, 0.0712361, 0.000175995
1.56042, 1.36298, 1.4487, 1.57725, 0.488112, 2.10617, 2.43221, 3.00501
0.000827018, 0.00419972, 0.00472111, 0.00701838, 0.00759348, 0.00932699, 0.796123, 1.10464
0.00179785, 2.28828e-05, 2.30123e-05, 0.000216562, 2.11023e-05, 0.000436198, 0.240887, 0.000312589
3.41324, 1.91416, 2.14502, 3.61565, 1.64528, 1.61467, 1.21413, 4.06372
0.000524572, 0.349846, 0.00118165, 0.00121026, 0.185221, 0.00119583, 2.09211, 1.98538
0.159043, 0.110245, 0.143366, 0.109222, 0.211318, 0.313534, 1.60478, 2.11991
0.530757, 0.530956, 0.536413, 0.43007, 0.400785, 0.773592, 0.0581041, 0.230579
0.177332, 0.14926, 0.218506, 0.236953, 0.000113383, 0.116401, 0.0617122, 0.523183
0.0134096, 0.011429, 0.0527055, 0.000221242, 0.156455, 0.0848461, 0.0291757, 0.000131371
0.402886, 0.328561, 0.336258, 0.312959, 0.140531, 0.240647, 0.123028, 0.126116
0.00475577, 0.00713226, 0.00947894, 0.0108436, 0.00970022, 0.00982981, 0.0775619, 0.112315
1.54236, 1.55843, 1.41536, 1.3929, 1.40379, 1.44191, 1.55023, 1.21395
0.267851, 0.272646, 0.313504, 0.218043, 0.440514, 0.486282, 8.80448e-06, 0.00712288
0.338018, 0.295358, 0.320437, 0.161864, 0.68507, 0.311978, 0.0156089, 0.0024811
0.177441, 0.166299, 0.143454, 0.147808, 0.24164, 0.946134, 1.50497, 4.45706
1.51201, 1.48723, 1.54658, 1.24798, 1.78981, 1.9487, 3.44333, 4.83165
0.0804514, 0.0879874, 0.0804204, 0.0684, 0.0504815, 0.0135832, 0.0167521, 0.0145344
0.027418, 0.0375768, 0.0138844, 0.00771449, 0.0645962, 0.00245959, 0.0241454, 0.200098
0.298042, 0.297039, 0.269268, 0.324826, 0.308126, 0.0111024, 0.256042, 1.5097
0.00125152, 0.000211028, 0.000732955, 0.000226574, 0.0533185, 0.0297643, 0.767989, 0.260955
0.0067477, 0.000647336, 0.0400481, 0.00103504, 0.0185274, 0.00262097, 0.0776858, 0.352217
0.152914, 0.158337, 0.15986, 0.106805, 0.187203, 0.15376, 0.0429391, 0.0436653
0.0698825, 0.06816, 0.106343, 0.164123, 0.0948645, 0.209536, 1.67488, 5.44155
0.301766, 0.355571, 0.0237958, 0.167971, 0.344457, 0.0442097, 1.92762, 1.46716
0.514092, 0.560119, 0.698537, 0.597888, 0.341499, 0.659634, 0.116212, 0.336883
0.0103999, 0.0231308, 0.043747, 0.0758783, 6.20618e-06, 0.0824102, 0.228826, 0.145874
0.186759, 0.165216, 0.177349, 0.148918, 0.039647, 0.29286, 0.740182, 0.492341
0.276643, 0.246384, 0.260902, 0.191445, 0.258439, 0.199116, 0.44985, 0.398809
0.415769, 0.461011, 0.414978, 0.292228, 0.349595, 0.169718, 0.00451161, 0.0766387
0.126147, 0.181635, 0.13048, 0.0954799, 0.260766, 0.188463, 2.30912, 3.97895
0.840059, 1.10431, 1.05035, 0.807076, 0.736439, 0.863589, 1.39255, 1.08405
0.281715, 0.271131, 0.27744, 0.14102, 0.223404, 0.492803, 0.175682, 0.108117
0.32504, 0.390964, 0.484685, 0.174763, 0.224781, 0.114526, 2.74708, 3.93143
0.384171, 0.38501, 0.433127, 0.590347, 0.0899561, 0.338915, 1.9519, 0.824517
0.00680513, 0.0409626, 0.0061406, 0.00796986, 0.0168865, 0.0103822, 0.123599, 0.271441
0.41743, 0.392487, 0.380847, 0.25648, 1.01455, 1.16035, 0.779483, 2.04054
0.00595804, 8.31511e-07, 0.00141514, 0.0157984, 0.047016, 0.156158, 0.00944936, 0.200234
0.798713, 0.878064, 0.897513, 1.02097, 0.602719, 0.707295, 0.809704, 0.673279
1.35731, 1.56029, 0.344231, 0.901361, 0.75729, 0.40973, 8.89703, 11.3647
0.310072, 0.34545, 0.178522, 0.17761, 0.0422019, 0.0903248, 0.745876, 2.36028
0.194432, 0.182503, 0.315648, 0.217254, 0.171156, 0.312555, 0.344119, 0.753628
0.0419576, 0.027199, 0.0351865, 0.0105086, 0.00110211, 0.000257656, 0.906958, 0.783815
0.192482, 0.18067, 0.133733, 0.352507, 0.207963, 0.0209512, 0.774567, 1.03986
0.765126, 0.923143, 0.777359, 0.935881, 0.368057, 0.414466, 2.00618, 0.805255
0.178582, 0.106021, 0.104451, 0.0816944, 0.0338237, 0.308309, 0.0394477, 0.0126017
0.0105511, 0.00929633, 0.00740427, 0.000509958, 0.00291973, 0.00984015, 0.36719, 0.278943
0.00301014, 0.00560454, 0.00105853, 0.0190884, 0.0766357, 0.0258076, 0.0699491, 0.00629214
2.39323, 1.53655, 2.04166, 2.00965, 2.5432, 2.92137, 1.69641, 1.28261
0.161277, 0.141649, 0.14125, 0.0549918, 0.0322748, 0.154021, 0.028239, 0.0156229
0.0041589, 0.000534274, 0.00342357, 0.00955456, 0.316896, 0.0225133, 2.02038, 2.02633
9.03086e-05, 0.0137766, 0.00144866, 0.0151222, 0.245627, 0.0590876, 3.01184, 3.69231
1.13596, 1.24709, 1.16585, 1.10899, 1.36147, 1.3724, 0.360512, 0.587795
0.0630301, 0.0622657, 0.073979, 0.0260301, 0.0522021, 0.0359783, 0.00350801, 0.0658514
0.0897334, 0.0861977, 0.00839972, 0.129102, 0.0102674, 0.0023656, 0.387382, 0.289745
0.28677, 0.272306, 0.337019, 0.418192, 0.251709, 0.408829, 0.075973, 0.382978
0.311564, 0.311705, 0.194771, 0.194384, 0.449115, 0.433546, 0.373674, 0.502101
0.205476, 0.214146, 0.203525, 0.303133, 0.411048, 0.286342, 0.448691, 0.619656
0.00130508, 0.0274691, 0.0301372, 0.0203923, 0.0515279, 0.0770465, 1.16808, 0.502633
2.20719, 2.19455, 1.91396, 2.09488, 1.9416, 1.97224, 3.80676, 3.65626
0.956164, 1.0169, 0.97106, 1.14725, 0.703211, 1.09513, 0.161542, 0.108547
0.120387, 0.00576775, 0.00465756, 0.0666862, 0.0423073, 0.0359146, 1.51231, 1.93829
0.764622, 0.622144, 0.771731, 0.53439, 0.637828, 1.31661, 1.70221, 2.19008
0.0676898, 0.123011, 0.0763959, 0.0496636, 0.108296, 0.0257575, 0.31521, 0.124524
3.58301, 3.69651, 3.65854, 4.46215, 4.19766, 4.00575, 2.6368, 2.82941
0.021452, 0.0100659, 0.00113739, 0.0005116, 0.00743558, 3.88451e-05, 0.00946869, 0.01763
0.00747356, 0.000358296, 0.0114557, 0.0329499, 0.000311066, 0.0538611, 0.00605026, 0.0266981
0.204275, 0.234349, 0.22149, 0.143039, 0.274874, 0.236043, 0.42891, 1.1785
0.487368, 0.246541, 0.506341, 0.528678, 0.252753, 0.387517, 0.291222, 0.10426
0.13082, 0.145545, 0.315285, 0.18589, 0.155315, 0.14494, 0.0920334, 0.000223017
0.00147872, 0.00300287, 0.00780503, 0.000363916, 0.000991677, 0.0573394, 2.14369, 3.18739
0.772185, 0.397796, 0.348991, 0.607065, 0.287288, 0.522954, 0.569779, 0.843538
0.443203, 0.689626, 0.616358, 0.673459, 0.559244, 0.383058, 0.00398852, 0.0450812
0.705429, 0.607802, 0.575871, 0.792416, 0.268697, 0.487566, 0.00625548, 0.118514
0.411725, 0.428318, 0.193728, 0.387241, 0.10296, 0.24206, 0.104046, 0.0617573
0.458143, 0.459917, 0.442449, 0.652336, 0.454807, 0.303838, 0.0846371, 0.360799
0.606919, 0.458681, 0.625875, 0.783707, 0.150433, 0.654868, 1.81684, 1.80856
1.41736, 1.41796, 1.46826, 1.27235, 1.29253, 1.74532, 0.0178638, 0.038912
0.277707, 0.327894, 0.315329, 0.347813, 0.137081, 0.467211, 0.219784, 0.0115296
0.0373796, 0.0306365, 0.0390537, 0.00472682, 0.0919124, 0.0659427, 0.20964, 0.161665
0.404411, 0.347841, 0.0721488, 0.206978, 0.531235, 0.243495, 0.883058, 1.53351
0.0154085, 0.0123707, 0.00725515, 0.0219458, 0.0200876, 0.0209443, 0.784443, 0.472055
0.000401195, 0.0371872, 0.000704809, 1.77232e-05, 0.0814596, 0.00145077, 0.385982, 0.495993
0.0766398, 0.28555, 0.0990262, 0.0719979, 0.275256, 0.13742, 1.32682, 2.43912
0.744043, 0.73519, 0.674619, 0.511339, 0.760306, 0.924785, 0.0171159, 0.0222453
0.705652, 0.536658, 0.727496, 0.456052, 0.64492, 0.688555, 5.92132, 5.16678
2.81908, 3.41327, 3.38472, 1.9346, 3.39283, 3.41507, 2.16065, 2.42216
0.18671, 0.181683, 0.150241, 0.162025, 0.170405, 0.150673, 0.385763, 0.139994
0.224658, 0.214766, 0.237757, 0.435038, 0.0133899, 0.00225951, 0.194023, 0.466237
0.154064, 0.176247, 0.146173, 0.235167, 0.0325242, 0.101993, 0.0225384, 0.158177
0.00356007, 0.000486732, 9.04434e-07, 0.00487396, 3.37892e-05, 0.0204763, 0.180714, 0.26977
2.38501, 2.39278, 1.87296, 1.97215, 1.5169, 2.73863, 3.43797, 7.14148
0.0112479, 0.0223983, 0.0150352, 0.00610115, 0.0414933, 0.00115198, 2.09655, 2.46464
0.204367, 0.201846, 0.203955, 0.267389, 0.157198, 0.092808, 0.153607, 0.102249
0.606445, 0.452621, 0.560739, 0.572754, 0.398739, 0.625099, 0.765393, 0.0574525
0.346126, 0.352446, 0.30481, 0.316321, 0.19757, 0.0672113, 0.490182, 0.796911
0.0103066, 0.0146829, 0.0115664, 0.000618051, 0.113153, 0.0482348, 0.00129932, 0.00832886
1.94027, 1.94661, 1.8484, 1.70264, 2.14662, 2.33275, 2.53364, 2.67419
0.135725, 0.155646, 0.162233, 0.132366, 0.00449925, 0.161673, 0.0178902, 0.0395208
0.230777, 0.24512, 0.180699, 0.374891, 0.170693, 0.228364, 0.626894, 0.536588
3.2346e-06, 9.82405e-05, 0.000115415, 0.000543211, 0.00856891, 0.0314695, 0.767006, 0.605905
0.411463, 0.0353259, 0.111971, 0.597263, 0.24089, 0.413234, 4.02607, 6.07426
0.270545, 0.256708, 0.271657, 0.18112, 0.49651, 0.360234, 0.592134, 0.547926
0.12509, 0.164488, 0.128783, 0.107771, 0.150568, 0.214902, 0.287569, 0.373801
0.0224731, 0.0579899, 0.0236191, 0.19568, 0.0386359, 0.116647, 0.436463, 0.969554
0.000106043, 0.0124316, 0.00219015, 0.000178201, 0.000204101, 0.024811, 0.0519713, 0.00457913
0.0017128, 0.000156619, 0.00278703, 0.000125751, 0.0196957, 0.012726, 2.60478, 0.169652
0.351838, 0.251178, 0.408998, 0.605654, 0.136483, 0.193183, 0.427058, 0.269513
0.0190243, 0.0234423, 0.0140341, 0.00278037, 0.0208806, 0.174471, 0.0157229, 0.0116041
0.167857, 0.121593, 0.124723, 0.0997765, 0.125981, 0.140274, 0.183779, 0.169038
0.0216418, 0.0313583, 0.0512818, 0.0263278, 0.00197147, 0.0274044, 0.00470512, 0.00689314
0.0353964, 0.0332687, 0.0363188, 0.0652268, 0.0628409, 0.0783045, 0.118499, 0.367864
0.288722, 0.281207, 0.246292, 0.0947416, 0.165617, 0.0800086, 1.98057, 0.72159
0.467812, 0.708014, 0.438706, 0.373471, 0.492377, 0.0465118, 1.91313, 2.89682
1.06947, 1.03487, 0.989753, 0.967376, 1.90843, 2.19341, 3.57696, 3.43755
0.219267, 0.212559, 0.214239, 0.0828913, 0.14384, 0.330444, 0.0145228, 0.298894
0.67344, 0.720029, 0.603868, 0.450186, 0.829556, 0.610414, 1.35142, 4.13833
0.211873, 0.220288, 0.164851, 0.264676, 0.0915372, 0.116206, 0.306014, 0.0078678
0.283732, 0.2856, 0.318629, 0.211341, 0.883283, 0.250857, 0.875145, 1.22202
3.88545, 4.18643, 3.76893, 4.05816, 2.25225, 4.0242, 1.52024, 2.04159
0.00545609, 0.0092982, 0.00860701, 0.000758401, 0.00572697, 0.00866798, 0.0651068, 0.199435
0.00326781, 0.00430148, 0.0058741, 0.000554911, 0.00669088, 0.0076647, 0.362232, 0.589302
0.0773245, 0.121956, 0.127771, 0.0797311, 0.291786, 0.208489, 2.02819, 0.865788
0.270309, 0.245809, 0.250692, 0.250946, 0.394576, 0.365115, 0.326368, 0.00214963
0.537453, 0.530103, 0.465425, 0.716801, 0.430602, 0.588557, 0.0982192, 0.109037
0.0391692, 0.0428931, 0.0399777, 0.0738492, 0.0437884, 0.0486767, 0.527245, 0.0558252
0.731742, 1.08898, 0.883722, 0.746482, 1.71228, 1.33656, 1.41099, 1.02228
0.358542, 0.312244, 0.339534, 0.340531, 0.219165, 0.314383, 0.236393, 0.69036
0.12369, 0.142168, 0.00700251, 0.0490157, 0.0786219, 0.0194682, 0.0562672, 0.939288
0.496818, 0.734358, 0.479668, 0.662558, 0.919142, 0.615388, 1.3867, 2.16072
0.448605, 0.389194, 0.31512, 0.290967, 0.582088, 0.64204, 0.0829808, 0.423139
0.659486, 0.667504, 0.576121, 0.815824, 1.34519, 1.27773, 5.57375, 6.56214
0.450724, 0.460052, 0.448964, 0.400685, 0.132612, 0.658716, 1.19299, 0.292197
0.257921, 0.141818, 0.552008, 0.207417, 0.314206, 0.360233, 0.171013, 0.147669
0.0215896, 0.0218313, 0.000313349, 0.112391, 0.0649129, 1.04007e-06, 0.0879531, 0.0240675
0.0865642, 0.0763469, 0.0666326, 0.0383607, 0.19488, 0.0829968, 0.00725619, 0.256748
3.08977, 3.10262, 3.22024, 3.36948, 1.92231, 2.59101, 1.81501, 2.07415
0.0369786, 0.0437195, 0.0349967, 0.0193531, 0.0153611, 0.0401796, 0.134099, 0.15326
0.249562, 0.143072, 0.166962, 0.20169, 0.0866923, 0.29614, 2.69229, 1.32377
0.128903, 0.143899, 0.0465262, 0.027509, 0.024643, 0.0351866, 2.95353, 3.83676
2.70428, 1.03922, 0.645098, 2.40399, 1.07999, 0.617177, 0.0616723, 0.375331
0.0970155, 0.114974, 0.0891359, 0.166596, 0.0822176, 0.0433153, 0.0276562, 0.0298846
1.02753, 1.14652, 1.0101, 1.19699, 1.12166, 1.20038, 0.477266, 1.80523
0.0429369, 0.0316996, 0.018211, 0.0340343, 0.0564933, 0.00619345, 0.0865612, 0.331599
1.68403, 1.7416, 1.25511, 1.62925, 1.67955, 1.62645, 2.72032, 1.73639
1.0719, 0.957056, 0.905827, 0.882128, 1.26599, 1.46842, 0.254119, 0.347239
0.00843431, 0.0527255, 0.00736457, 0.0196766, 0.013995, 0.0142906, 0.576786, 0.645289
0.0592484, 0.0468514, 0.0363743, 0.0510785, 0.0551017, 0.052496, 1.29653, 1.32695
0.0019583, 0.00099872, 0.00641396, 0.00308046, 1.52761e-06, 0.00279908, 1.01473, 0.197067
0.0687497, 0.180478, 0.133542, 0.116928, 0.152668, 0.0493243, 0.930876, 0.633071
0.145623, 0.144093, 0.121165, 0.281482, 0.0476816, 0.0508453, 0.572896, 0.404091
3.06523, 3.02826, 2.99488, 3.47033, 2.38103, 2.11969, 2.2336, 1.38745
0.128452, 0.137007, 0.119374, 0.0800702, 0.355, 0.121822, 1.36032, 1.61939
0.0115763, 0.0119311, 0.0179853, 0.00650267, 0.0241041, 0.010901, 0.0913501, 0.55503
0.00152141, 0.00180064, 0.00167942, 0.00253294, 0.0121084, 0.0202451, 0.135203, 0.124097
0.360316, 0.287388, 0.226855, 0.331352, 0.38176, 0.116005, 0.169746, 0.373936
0.269334, 0.196809, 0.153417, 0.0764942, 0.482725, 0.263217, 0.0627728, 0.0114266
0.0203428, 0.0425875, 0.0139398, 0.0159145, 0.100817, 6.06349e-05, 0.021975, 0.0578384
1.16279, 0.773991, 0.847238, 0.832664, 0.602267, 0.602971, 1.45986, 2.13642
1.94252, 1.91417, 1.80413, 1.65421, 2.10136, 1.44074, 4.4014, 6.52779
0.0181388, 0.0198824, 0.0184565, 0.00892767, 0.0134116, 0.000886928, 0.0151993, 0.00035575
1.19767, 1.23484, 1.0655, 1.06557, 1.05991, 0.904505, 0.761956, 0.0431882
0.637819, 1.21458, 1.18564, 0.862575, 0.727028, 1.23446, 0.485053, 0.282349
0.0122017, 0.00362438, 0.00583061, 0.00188259, 0.0179497, 0.0514087, 0.10385, 0.0900909
0.0776363, 0.0696741, 0.0153409, 0.0672502, 0.211485, 0.183474, 2.04005, 3.01256
0.0467466, 0.107252, 0.049146, 0.092548, 0.0916499, 0.0624324, 0.220905, 0.990313
0.0002315, 0.000458341, 5.20727e-05, 0.00144376, 0.000822182, 0.0045909, 0.248337, 0.238114
0.111564, 0.134001, 0.178194, 0.171104, 0.130675, 0.226428, 0.00459255, 0.00997108
1.05609, 1.29938, 1.20784, 1.12455, 1.12808, 1.73724, 0.154379, 0.297795
0.0670693, 0.0800224, 0.0617167, 0.0388368, 0.206784, 0.0397884, 0.316256, 0.615231
0.407787, 0.362399, 0.422368, 0.443896, 0.296138, 0.271031, 1.38773, 1.72297
0.000610986, 0.000781702, 0.000320949, 0.000137355, 0.00368122, 0.000783949, 7.91006, 11.7605
0.00355707, 0.00295062, 0.00709062, 0.000221995, 0.0175658, 0.013181, 0.432904, 0.0636706
3.47209, 3.25099, 3.59002, 3.36201, 2.9282, 3.57549, 4.56153, 3.80158
0.0789769, 0.358448, 0.0857854, 0.286782, 0.229818, 0.0161591, 0.737189, 0.128281
0.322866, 0.350186, 0.421926, 0.289788, 0.0398787, 0.184572, 0.208173, 0.898326
0.156905, 0.151896, 0.140339, 0.164056, 0.174541, 0.208045, 0.717113, 0.448557
0.413942, 0.0761889, 0.205403, 0.51233, 0.00224285, 0.0596355, 0.379461, 0.881635
0.325748, 0.334477, 0.363674, 0.241664, 0.349016, 0.0546757, 0.0682422, 0.0306596
0.0137017, 0.0112314, 0.011573, 0.000754589, 0.0655252, 0.0369526, 0.00385799, 0.167302
0.0379034, 0.042167, 0.0402265, 0.0251113, 0.0377115, 0.0483591, 0.000369041, 0.115276
0.0295899, 0.0589513, 0.0640011, 0.0680866, 0.0547207, 0.108015, 0.0208415, 0.6322
0.167957, 0.184078, 0.175516, 0.0468171, 0.167119, 0.264499, 0.271199, 1.31143
2.54178, 2.16153, 2.03099, 1.89315, 2.71969, 3.19571, 6.58153, 8.14716
0.000218687, 0.00020122, 6.49734e-05, 0.00158885, 0.00179203, 0.00895054, 0.072193, 0.00196554
0.10515, 0.117965, 0.134301, 0.206839, 0.0313827, 0.0219243, 1.25738, 2.0085
0.193084, 0.165658, 0.254848, 0.238283, 0.0524995, 0.109293, 0.724459, 0.166466
0.0469742, 0.0459894, 0.0461324, 0.0112959, 0.140317, 0.142682, 0.39509, 0.226978
1.01406, 1.05082, 1.26587, 0.9546, 1.32219, 1.32854, 2.18171, 1.47165
1.34899, 1.93017, 1.3397, 2.08068, 0.344787, 0.488224, 4.00383, 2.86999
0.0133093, 0.00609442, 0.00618478, 0.00416405, 0.0185902, 0.0122477, 0.525157, 0.453372
0.126508, 0.114417, 0.19001, 0.0845401, 0.181754, 0.237566, 0.0222209, 0.145036
0.00383799, 0.00920477, 0.000494868, 0.00945656, 0.00228602, 0.0131067, 0.0108026, 0.0113374
0.116588, 0.111254, 0.0952328, 0.069275, 0.0638046, 0.087402, 0.674867, 1.65383
0.269003, 0.225993, 0.24876, 0.296643, 0.277957, 0.176102, 0.754653, 0.0495575
0.060595, 0.0479024, 0.0486405, 0.0280808, 0.101337, 0.10644, 0.682239, 1.38915
0.00711482, 0.0592208, 0.0269966, 0.0702093, 0.000126624, 0.00664374, 0.343105, 0.0912574
0.0497626, 0.0535656, 0.0500809, 0.17927, 0.107778, 0.0804273, 3.36862, 6.02261
0.0525835, 0.109543, 0.0402615, 0.0954086, 0.315507, 0.0372167, 0.799137, 1.39235
0.0697955, 0.0706945, 0.0940304, 0.147706, 0.0964225, 0.181593, 0.386367, 1.28114
0.0639415, 0.0559226, 0.0617186, 0.113059, 0.0293752, 0.0746354, 0.0548601, 0.754424
0.00353896, 0.0168695, 0.0183307, 0.0053101, 0.244464, 0.251964, 0.784494, 1.90583
0.309268, 0.384886, 0.493695, 0.476348, 0.336118, 0.247944, 0.00997331, 0.0113625
0.113845, 0.133276, 0.0926058, 0.0926988, 0.0651846, 0.115878, 0.0862889, 0.37431
0.00312068, 0.00412283, 1.57011e-05, 0.00595625, 0.00157849, 0.0140702, 0.69144, 0.0535311
0.023551, 0.0244332, 0.0326921, 0.0327474, 0.00882706, 0.029785, 0.031888, 0.0192009
0.130324, 0.143406, 0.108399, 0.0816743, 0.119252, 0.157901, 1.15432, 0.581339
0.130353, 0.115252, 0.118485, 0.163944, 0.149859, 0.0466087, 0.0169575, 0.00383895
0.0664704, 0.0641921, 0.102816, 0.0377801, 0.121125, 0.14959, 0.639361, 0.142779
0.315533, 0.295528, 0.292079, 0.0611746, 0.263709, 0.190903, 4.35892, 5.49203
8.00689e-05, 0.0224274, 0.02532, 0.00940513, 0.136798, 0.046392, 1.52113, 1.39174
0.709056, 0.700603, 0.766969, 0.815398, 0.55617, 0.723088, 0.000499048, 0.262284
0.430686, 0.476393, 0.452975, 0.433602, 0.571301, 0.467827, 0.0269413, 0.267988
0.777055, 0.640798, 0.856858, 0.644047, 0.682607, 1.69583, 0.657106, 0.819695
0.0968892, 0.0872619, 0.0332848, 0.0800447, 0.034218, 0.0347371, 2.98699, 3.19209
0.986887, 0.99691, 0.830048, 0.841846, 0.980398, 1.29851, 1.44776, 1.67255
0.165842, 0.159026, 0.161425, 0.170996, 0.0834457, 0.226001, 0.679373, 0.767248
0.00314231, 0.00203022, 0.00247496, 0.000376125, 0.0048355, 0.00914608, 0.272164, 0.164716
1.40409, 1.37215, 1.33308, 1.24032, 1.58068, 1.49937, 2.37493, 2.03964
2.22299, 2.3691, 2.28493, 2.95029, 2.88419, 2.80465, 4.59539, 4.4705
0.00165905, 0.00846815, 0.000619532, 0.00263423, 0.00468337, 0.0124216, 0.0370783, 0.00585363
0.0168884, 0.0230931, 0.0170974, 0.0119484, 0.0047528, 0.0218044, 0.24125, 0.215464
0.00102474, 0.0290448, 0.00329748, 0.00310784, 0.0134855, 0.00181841, 0.743591, 1.87093
0.344864, 0.295909, 0.0623565, 0.415033, 0.163231, 0.0373423, 3.06131, 2.5995
0.133969, 0.0508174, 0.0328259, 0.0467819, 0.128118, 0.0118762, 0.65047, 0.682694
0.00376579, 0.00274008, 0.0031205, 0.00184181, 0.021566, 0.0143025, 0.35202, 0.181771
0.129732, 0.0768975, 0.0358822, 0.0185746, 0.23991, 0.0233421, 0.0741095, 0.103282
0.841601, 0.819999, 0.806576, 0.689846, 0.702043, 0.403398, 1.31794, 0.731784
0.0652801, 0.0400879, 0.00780452, 0.0161954, 0.0377234, 0.00128751, 0.000496858, 0.0371012
0.625613, 0.646565, 0.485505, 0.451938, 0.416595, 0.394419, 0.174201, 0.021423
0.00234335, 0.00343294, 0.00174039, 0.0237633, 0.0151842, 0.0175094, 0.498806, 0.0132748
0.0498135, 0.0519991, 0.0754244, 0.0659251, 0.0490071, 0.0412861, 0.4475, 0.0321091
0.656437, 0.751805, 0.742254, 0.686099, 0.807672, 0.481943, 0.28224, 0.351316
1.11254, 1.05541, 1.75037, 1.08701, 0.533722, 1.3717, 1.00639, 0.648624
4.41249, 4.54709, 3.79168, 4.2064, 4.32443, 2.67372, 3.04471, 5.03051
9.55329e-05, 5.78304e-06, 3.33997e-05, 0.000562525, 0.000905658, 0.0196254, 0.617951, 0.913405
0.172217, 0.175425, 0.176011, 0.175498, 0.163591, 0.381822, 0.0384636, 0.0280783
0.0867055, 0.120198, 0.0302122, 0.123315, 0.151576, 0.0668517, 1.00074, 1.39355
0.016106, 0.00974879, 0.0114084, 0.0423451, 0.00602957, 0.00131114, 0.70728, 0.466238
0.372458, 0.396003, 0.284374, 0.315443, 0.275431, 0.268439, 0.532808, 0.46889
0.941821, 0.597451, 0.693853, 0.857664, 0.467892, 0.454509, 0.204348, 0.0131943
0.6182, 0.27247, 0.557333, 0.547195, 0.54455, 0.295932, 0.0778024, 0.55136
0.0816004, 0.102207, 0.0906537, 0.213492, 0.114658, 0.0758537, 0.762112, 0.639687
0.0498211, 0.135836, 0.0448735, 0.101476, 0.00636374, 0.101529, 0.30041, 0.141759
0.888182, 0.5781, 0.567178, 0.534273, 0.366189, 1.47384, 1.68126, 2.00619
0.432302, 0.421096, 0.399124, 0.449269, 0.670876, 0.278619, 0.502248, 0.614849
0.0676575, 0.126958, 0.0787376, 0.0744785, 0.0729611, 0.15842, 0.000666074, 0.00386563
0.400428, 0.413553, 0.534828, 0.334342, 0.658406, 0.826269, 0.293687, 0.64454
0.0754606, 0.0167391, 0.149511, 0.106278, 0.0160621, 0.103948, 0.00226706, 0.144036
0.0697718, 0.0720348, 0.0688063, 0.0688721, 0.0318574, 0.104405, 0.0331937, 0.00292657
0.21521, 0.445852, 0.180123, 0.245897, 0.476666, 0.606686, 0.822195, 0.8914
0.0738721, 0.0639579, 0.0586151, 0.0771185, 0.235495, 0.177425, 0.0643433, 0.035989
0.44284, 0.375628, 0.42419, 0.397795, 0.648177, 0.42898, 0.847337, 1.85378
0.0123416, 0.0246189, 0.0198396, 0.0119071, 0.0289356, 0.0433055, 0.3058, 0.235765
1.92653, 1.90249, 1.93401, 1.68706, 2.02201, 1.2145, 0.943109, 2.59654
0.011141, 0.141432, 0.0428567, 0.0140947, 0.0291751, 0.162584, 2.34238, 1.35962
0.0057192, 0.00392151, 0.000513073, 0.0101762, 0.0022292, 0.00112012, 0.191252, 0.0236552
0.0572712, 0.0877246, 0.102959, 0.107877, 0.0290963, 0.0158513, 0.421794, 0.628077
0.276734, 0.264832, 0.296089, 0.255903, 0.354557, 0.355341, 0.703813, 2.21254
0.136574, 0.162825, 0.132479, 0.178136, 0.100874, 0.164976, 0.0973283, 0.0579081
0.785285, 0.792931, 0.70523, 0.843806, 0.691447, 0.384033, 0.302132, 0.157792
0.00182643, 0.000571216, 0.000349237, 0.00110375, 0.000771922, 0.00923578, 2.15637, 2.90331
0.159195, 0.134796, 0.111087, 0.108514, 0.0471447, 0.288592, 2.154, 1.70677
0.323036, 0.375848, 0.332718, 0.30772, 0.427215, 0.317621, 0.202176, 0.131887
0.0280576, 0.00647716, 0.0216079, 0.0141268, 0.0814792, 0.0150559, 0.760851, 0.784669
0.0762442, 0.068505, 0.126297, 0.0686375, 0.0030174, 0.0357717, 0.0207222, 0.00555365
0.118994, 0.0869979, 0.128678, 0.0955877, 0.171605, 0.159692, 0.40434, 0.225349
0.000132188, 3.21113e-05, 0.000159563, 0.00581053, 0.000540431, 0.000334558, 0.00513046, 0.100318
0.00229048, 0.000995435, 0.00698015, 0.0128206, 0.00266569, 0.0205183, 0.248313, 0.93435
0.138322, 0.158771, 0.134489, 0.203749, 0.0110377, 0.127651, 0.0543539, 0.000857282
0.204273, 0.157954, 0.18654, 0.0739312, 0.6944, 0.423866, 1.37069, 1.23098
0.280728, 0.324545, 0.375071, 0.322928, 0.283132, 0.256007, 0.710123, 0.465071
0.330847, 0.413788, 0.448346, 0.459685, 0.267397, 0.346259, 0.0147937, 0.00860688
0.0629366, 0.0852069, 0.0210299, 0.112503, 0.0803926, 0.0594279, 0.0185299, 0.0119196
0.0163514, 0.0161293, 0.026528, 0.069997, 0.00589421, 0.0294915, 1.63648, 3.6336
0.602919, 0.603625, 0.888982, 0.641249, 0.939728, 1.01012, 0.227411, 0.438792
2.7928, 2.71905, 2.9988, 2.70834, 3.11045, 3.17211, 1.63722, 1.67198
0.188455, 0.220557, 0.289663, 0.286007, 0.139315, 0.00504285, 1.5374, 2.54561
0.459515, 0.26778, 0.470911, 0.206697, 0.80485, 0.812796, 0.33954, 0.517813
0.00555856, 0.0790473, 0.0846028, 0.0460763, 0.0339946, 0.0417296, 0.471047, 0.585136
0.016421, 0.00305163, 0.0155909, 0.00203306, 0.041473, 0.00303301, 0.0416701, 0.00118165
0.004092, 0.0018266, 0.00114556, 0.00471479, 0.0861702, 0.0312042, 4.07005, 4.66315
0.0307621, 0.0144523, 0.0872498, 0.00133759, 0.0413204, 0.0691669, 0.145029, 2.06727e-05
0.277841, 0.342246, 0.341701, 0.362509, 0.402315, 0.440329, 0.824932, 1.1919
1.20504, 1.18012, 1.22008, 0.91727, 1.01103, 0.722038, 6.10402, 5.12633
2.70706, 2.58358, 2.45259, 2.84847, 2.15752, 2.36275, 0.661462, 1.48957
0.014171, 0.0183737, 0.0141407, 0.0289704, 0.0290796, 0.001079, 0.00282372, 0.0211527
0.385241, 0.335925, 0.347174, 0.479051, 0.237847, 0.217032, 0.272296, 0.796947
2.45381e-06, 1.91845e-05, 0.000981645, 0.00466886, 0.00424885, 0.0493299, 0.660622, 0.711169
0.0034193, 0.00534509, 0.000780988, 0.000416117, 0.0104948, 0.161312, 0.524409, 0.35683
3.31883e-05, 8.55168e-05, 1.16171e-06, 0.00284639, 0.00129599, 0.0216567, 0.0438968, 0.0273095
0.437443, 0.430953, 0.626174, 0.47708, 0.262442, 0.525192, 0.0155477, 0.0188579
0.156429, 0.152728, 0.150106, 0.203211, 0.0526885, 0.239904, 0.0213687, 0.137841
0.419619, 0.29409, 0.432506, 0.265795, 0.418436, 0.497333, 0.020903, 1.66877
0.00645867, 0.00809327, 0.0014139, 0.0128963, 0.00890318, 0.0374645, 1.10248, 0.415485
0.975486, 0.846752, 0.797551, 0.892003, 0.906728, 0.97573, 1.25246, 1.73362
0.0157034, 0.040271, 0.0282454, 0.0835348, 0.000113498, 0.0382976, 0.693408, 0.717506
0.301229, 0.325647, 0.377628, 0.349552, 0.340004, 0.348389, 0.0400216, 0.63473
0.0389783, 0.0386298, 0.0354352, 0.0657642, 0.165795, 0.178038, 0.260225, 0.207781
0.164734, 0.123888, 0.188185, 0.174526, 0.203222, 0.126838, 1.57201, 2.27176
0.00279663, 0.00352144, 0.000903037, 0.00580665, 0.0127127, 0.00153271, 0.269126, 0.238477
0.101548, 0.101883, 0.0982417, 0.0641366, 0.0997932, 0.0620032, 1.04816, 0.865004
0.0456309, 0.0362752, 0.0390576, 0.0535604, 0.0165456, 0.0311834, 0.900524, 0.102099
0.0243911, 0.0176836, 0.0130797, 0.000253232, 0.0196725, 0.0219635, 0.477, 0.347406
0.0179009, 0.0191275, 0.0161999, 0.0496792, 0.00991659, 0.0135367, 2.27274, 0.972398
0.0429129, 0.0424019, 0.0391003, 0.0334969, 0.0440756, 0.0358551, 2.40825, 1.1777
2.25762e-05, 3.52735e-05, 0.000299622, 0.00415139, 0.00679554, 0.0310988, 0.204199, 0.812815
0.265767, 0.130254, 0.133023, 0.273317, 0.123524, 0.10478, 1.20582, 0.962877
0.222522, 0.174185, 0.094395, 0.133703, 0.314982, 0.427176, 0.603783, 0.559179
0.18134, 0.193708, 0.179647, 0.197106, 0.128602, 0.191102, 5.1439, 6.13904
0.696229, 0.448933, 0.617399, 0.622314, 0.409012, 0.509468, 0.0419141, 0.255389
0.327534, 0.406866, 0.393883, 0.353031, 0.603048, 0.722105, 0.352475, 0.079932
0.212132, 0.245359, 0.207344, 0.16313, 0.374483, 0.442614, 0.206368, 0.205155
1.07781, 1.05842, 1.1432, 1.08989, 0.905973, 1.0276, 0.0335732, 0.137492
0.00109598, 0.00156175, 0.000828372, 0.0043405, 0.000685216, 2.44194e-06, 1.08779, 0.428824
0.000656594, 1.82225e-06, 0.000453294, 0.00165117, 0.0468695, 0.0476823, 0.0257852, 0.078018
0.00676646, 0.0316126, 0.0532098, 0.120322, 0.0128929, 0.000580521, 0.0981735, 0.172069
0.00223593, 0.0148361, 0.0112066, 8.53531e-05, 0.00010445, 0.000853574, 0.901807, 0.122709
0.00631346, 0.0851695, 0.00637298, 0.0312374, 0.0498322, 0.00344924, 0.962952, 0.220635
0.451877, 0.565007, 1.1984, 0.772654, 1.90134, 0.787193, 1.94614, 0.972857
0.154235, 0.165863, 0.161796, 0.209643, 0.095854, 0.13034, 0.0794193, 0.126121
0.00151522, 0.000350824, 0.0161129, 0.00597432, 0.00381317, 0.0226715, 0.658049, 2.07195
1.23749, 1.24602, 1.04517, 1.37285, 0.993476, 0.778438, 0.0259698, 0.253148
0.0084605, 0.000954326, 0.00183148, 0.00450715, 0.00298981, 0.000744508, 1.44381, 0.738465
0.162765, 0.249379, 0.150354, 0.266797, 0.347433, 0.326181, 0.936105, 2.79297
0.754866, 1.02886, 0.848571, 0.810497, 0.886669, 0.964762, 1.79776, 0.910608
1.09369, 1.05099, 1.0988, 0.768398, 1.9594, 1.12012, 2.69357, 3.6882
0.0369638, 0.0394157, 0.0459979, 0.0608575, 0.0526275, 0.0445627, 5.03333, 3.61781
0.769306, 0.662401, 0.702556, 0.377128, 0.948085, 0.779262, 0.35401, 0.511661
0.0253709, 0.0139225, 0.00805362, 0.00796639, 0.000244515, 0.0195451, 0.331054, 0.65179
0.00141663, 0.00638145, 0.00243816, 0.0114902, 0.0224926, 0.00190476, 2.14207, 2.39671
0.429474, 0.322494, 0.7165, 0.467271, 0.92943, 1.02179, 0.126505, 0.0330167
2.17988, 2.15891, 2.06578, 2.07944, 1.51862, 1.58937, 0.147106, 0.342165
0.059402, 0.0143208, 0.0141736, 0.0213656, 0.0461649, 0.0152633, 0.252702, 0.0122526
0.0884811, 0.112533, 0.0783122, 0.0438102, 0.307034, 0.202597, 2.41521, 1.4159
0.0712884, 0.0480452, 0.0236034, 0.0123108, 0.0281797, 0.0830817, 1.67033, 0.331726
0.0593807, 0.0440781, 0.0297404, 0.0130153, 0.00420161, 0.00675937, 1.65351, 2.57158
0.579203, 0.388061, 0.287495, 0.238923, 0.522783, 0.475684, 0.685335, 1.75997
2.96006, 2.92075, 2.89817, 3.08874, 3.22866, 3.17457, 3.4722, 3.38258
0.0555366, 0.0573713, 0.00384083, 0.0380952, 0.0216076, 0.00352148, 1.8629, 1.60249
7.7307e-06, 0.000708738, 0.000912402, 0.000117898, 0.00592061, 0.00893808, 0.398184, 0.199385
1.3099, 1.31433, 1.30077, 1.67659, 1.37383, 1.55954, 2.33351, 2.0193
0.18784, 0.195412, 0.193131, 0.24977, 0.207878, 0.221485, 0.00182138, 0.172613
0.314349, 0.299583, 0.268532, 0.214273, 0.478366, 0.671865, 1.16869, 0.830024
0.0240323, 0.000285436, 0.0624731, 0.0023527, 0.0141942, 0.123349, 0.519669, 1.04929
0.0276367, 0.00820377, 0.0125783, 0.010793, 0.10479, 0.000119694, 1.7786, 2.7906
0.0239627, 0.0809436, 0.0761252, 0.0635002, 0.0414656, 0.0813476, 2.11146, 2.5245
0.206682, 0.31806, 0.21096, 0.302153, 0.496932, 0.21751, 0.0111509, 0.290851
0.0382508, 0.0408039, 0.0196031, 0.0381914, 0.297222, 0.102751, 2.0643, 1.78725
0.000168415, 0.00166584, 6.31342e-05, 0.00122694, 0.00413212, 0.020969, 0.308559, 0.0645997
0.00546202, 0.0281092, 0.000651873, 0.0494176, 0.0707454, 0.0786053, 0.00279648, 0.00282184
0.559626, 0.462674, 0.568339, 0.378721, 0.96645, 0.825248, 3.69141, 2.50753
2.26242, 2.23807, 2.23637, 2.12537, 2.65553, 2.51994, 1.35159, 1.82085
2.0068, 2.02338, 2.15272, 2.1836, 1.44247, 1.73226, 0.443806, 0.701829
0.450646, 0.386468, 0.449447, 0.247432, 0.263741, 0.508716, 1.1802, 1.42237
0.306388, 0.296843, 0.171116, 0.11861, 0.281183, 0.359027, 0.161872, 0.475734
0.0278485, 0.0208712, 0.0349034, 0.0151557, 0.000348591, 0.0796908, 0.357771, 0.0139698
0.521966, 0.571295, 0.483774, 0.414476, 0.610226, 0.450918, 0.0790426, 0.0149982
0.00859734, 0.00369473, 0.00030815, 7.87932e-06, 0.0112092, 0.00922202, 3.03824, 3.81078
0.167818, 0.121037, 0.130551, 0.0661371, 0.0619644, 0.017764, 0.179888, 1.15151
0.0111357, 0.0206395, 0.113896, 0.00637442, 0.00378533, 1.71819e-05, 1.83449, 1.27981
0.163721, 0.156308, 0.114786, 0.222286, 0.0186292, 0.00105414, 0.320793, 0.53251
0.249957, 0.308361, 0.371731, 0.245767, 0.255544, 0.481658, 0.0458861, 0.0314247
0.10408, 0.143371, 0.119444, 0.158246, 0.00705576, 0.0866816, 0.51597, 0.671908
0.0462817, 0.0307913, 0.000264904, 0.00390621, 0.16669, 0.316439, 0.896506, 1.06634
0.0820237, 0.0628023, 0.0864166, 0.0807665, 0.00384965, 0.149836, 0.275883, 0.00550314
0.159538, 0.0303928, 0.0336223, 0.0954085, 0.0031834, 0.0181169, 0.214955, 1.16407
0.0293669, 0.017431, 0.00131783, 0.00378477, 0.0431486, 0.00817359, 0.397397, 0.3794
0.915758, 0.941383, 0.954821, 0.910332, 0.871719, 1.09993, 0.176468, 0.000642589
0.87531, 0.940098, 0.653111, 0.860077, 0.867213, 0.775994, 4.87196, 4.61525
1.03497, 1.03548, 0.935799, 1.02999, 0.809725, 1.26371, 3.17561, 3.0158
0.602733, 0.582204, 0.600323, 0.693236, 0.636406, 0.699168, 0.977541, 0.587177
0.372977, 0.347073, 0.330082, 0.495367, 0.518182, 0.422836, 0.724618, 0.398874
0.419396, 0.355214, 0.580125, 0.657577, 0.0880176, 0.00368572, 1.28382, 0.264876
0.259909, 0.275339, 0.377494, 0.520587, 0.4269, 0.664226, 0.869113, 3.3959
0.61668, 0.604334, 0.608466, 0.689007, 1.09917, 0.631055, 1.03919, 0.624477
0.0317928, 0.0145307, 0.0342897, 0.0983274, 0.0186676, 0.011688, 0.0432097, 0.456223
0.0903927, 0.0146575, 0.0602223, 0.0350691, 0.0104949, 0.0881823, 0.204875, 0.478385
0.0259398, 0.0501152, 0.0466467, 0.00427701, 0.0132835, 0.0398667, 0.0478422, 0.0114336
0.122849, 0.104015, 0.120082, 0.0425232, 0.572049, 0.0267449, 0.235307, 0.485126
0.0306592, 0.00271935, 0.0110774, 0.00601139, 0.00027806, 0.0390331, 2.3732, 2.2253
0.0481466, 0.0401688, 0.0398486, 0.0568742, 0.00838628, 0.013346, 0.413197, 0.0967598
0.117747, 0.104595, 0.108975, 0.0155475, 0.0254105, 0.00453229, 0.0497329, 5.19359e-05
0.824862, 0.823604, 0.927584, 1.23736, 0.533435, 0.485559, 0.156666, 0.367723
0.0190135, 0.0342707, 0.0237312, 0.0748846, 0.0405955, 0.0916227, 0.384196, 0.238373
0.367488, 0.405905, 0.394342, 0.699204, 0.330062, 0.599215, 1.40263, 1.98494
0.153419, 0.103285, 0.141659, 0.0432825, 0.0866107, 0.0890737, 0.00998149, 0.0615991
0.590616, 0.500909, 0.471848, 0.562717, 0.68923, 0.352804, 0.211043, 0.311259
0.95931, 0.789864, 0.96681, 0.886951, 0.699884, 0.888972, 0.043114, 0.822345
0.11727, 0.111125, 0.0675883, 0.0770453, 0.235164, 0.107463, 0.136989, 0.0817433
0.834734, 1.17669, 0.784286, 0.870698, 1.32926, 1.24108, 0.426206, 0.0743087
0.10639, 0.101228, 0.0737558, 0.0902649, 0.074882, 0.12188, 0.0366643, 0.123042
0.0244166, 0.0475714, 0.0486639, 0.0483206, 0.00410534, 0.022615, 8.04627e-05, 0.16278
0.300834, 0.255637, 0.221478, 0.261672, 0.334944, 0.257633, 0.0148383, 0.313715
0.00050112, 0.000170273, 0.00460419, 1.81484e-05, 0.00191207, 0.00172073, 0.170865, 0.34662
0.0052365, 0.000939481, 0.00133755, 0.00496386, 0.0147175, 0.000576702, 1.05037, 0.467096
0.205041, 0.173786, 0.13326, 0.118995, 0.123362, 0.101279, 0.00250946, 0.0140799
0.433347, 0.55558, 0.351597, 0.44764, 0.812657, 0.348396, 1.68063, 1.62263
1.80417, 1.42198, 1.99573, 1.83459, 1.08718, 1.84953, 0.379633, 0.06822
0.130991, 0.142707, 0.122915, 0.134605, 0.20387, 0.221984, 0.0297371, 0.0523191
2.42195, 2.46984, 2.27261, 2.61436, 1.90089, 1.70192, 4.5823, 4.04452
1.70994e-07, 0.00447445, 0.000229996, 0.00303318, 0.0120361, 0.00895705, 1.76669, 1.5371
0.0602046, 0.0749066, 0.122746, 0.157239, 0.0311561, 0.0348477, 0.054285, 0.449557
0.0111263, 0.0127494, 0.0326301, 0.0112272, 0.0214542, 0.0118212, 0.0157763, 0.0258602
0.00821732, 0.00432989, 0.00190582, 0.0265025, 0.000795646, 0.00533658, 0.00335846, 0.285515
1.33994, 1.33257, 1.11315, 1.5868, 1.907, 1.53198, 1.02623, 1.71247
0.000815448, 6.38677e-06, 0.013318, 7.63168e-05, 1.09904e-05, 0.0365409, 0.974747, 0.0912818
0.0226568, 0.0178917, 0.0231507, 0.0425383, 0.0195439, 0.0354827, 0.000206077, 0.00473858
0.0340454, 0.0328619, 0.0496721, 0.010661, 0.0130761, 0.00617237, 0.000331295, 0.000557715
0.0168461, 0.00911478, 0.0413616, 0.0395233, 0.0765491, 0.105243, 0.300077, 0.000108753
2.13278, 2.11642, 1.84376, 2.59332, 0.863879, 1.23855, 2.67846, 3.04462
0.117634, 0.11634, 0.0976358, 0.209786, 0.00966417, 0.139288, 0.545046, 1.31917
0.565608, 0.821592, 0.399591, 0.750619, 0.734066, 0.44155, 0.0596923, 0.0336954
0.108109, 0.107909, 0.103514, 0.223775, 0.00112988, 0.0635801, 2.04392, 2.00236
0.0306217, 0.0271355, 0.0365572, 0.00903308, 0.00691444, 0.002887, 0.299691, 1.37607
0.226515, 0.228613, 0.237058, 0.212124, 0.250115, 0.122982, 0.71912, 1.88701
0.000640519, 1.99821e-05, 0.00535436, 0.000463484, 0.0216898, 0.0265165, 0.211805, 0.166142
0.10732, 0.0934193, 0.0669914, 0.0856006, 0.0546958, 0.152228, 0.175882, 0.0669645
0.579228, 0.534664, 0.571135, 0.494133, 0.649436, 0.653797, 2.96806, 1.48195
0.374274, 0.387525, 0.517793, 0.434836, 0.441495, 0.279747, 2.45381, 1.65227
0.862933, 1.02918, 0.798438, 1.16695, 0.92818, 0.578915, 0.263216, 1.22559
0.0246653, 0.0276899, 0.00567165, 0.0252776, 0.00128455, 0.00732587, 0.629881, 0.638444
1.36638, 1.37886, 1.38108, 1.14286, 0.841695, 1.48289, 0.0872002, 0.129883
0.424321, 0.385141, 0.321075, 0.33317, 0.328662, 0.398382, 0.261253, 0.259248
0.0632041, 0.0802478, 0.0795278, 0.151406, 0.0921788, 0.094118, 0.507457, 0.413807
1.38612, 1.42277, 1.2985, 1.13819, 1.48242, 1.36412, 0.0123733, 0.400919
0.0273489, 0.00987781, 0.0134186, 0.00635245, 1.46069e-05, 0.0257242, 1.06729, 0.825365
0.0280029, 0.0199958, 0.0186672, 0.00823225, 0.00387214, 0.0142839, 0.583705, 0.715576
0.0826158, 0.00308386, 0.132258, 0.0914366, 0.00484977, 0.0441158, 0.11123, 0.0623334
0.040608, 0.0766986, 0.0272652, 0.0554899, 0.153212, 0.0137894, 0.0318146, 0.0711538
0.0133675, 0.0203247, 0.00636795, 0.000397703, 0.0695245, 0.0115105, 0.89603, 0.38889
1.58478, 1.70365, 1.65026, 1.54837, 1.94664, 1.41751, 3.2174, 4.43399
0.628692, 0.668995, 0.53452, 0.856118, 0.324148, 0.24346, 2.11886, 4.46642
0.0594277, 0.0611654, 0.105407, 0.137456, 0.0744063, 0.109726, 0.33356, 0.5844
2.06792, 2.04851, 2.08126, 1.56979, 1.58916, 2.12111, 1.99701, 3.46119
0.00176543, 0.0094322, 0.00341943, 0.00261069, 0.0386775, 0.00871164, 0.035424, 0.00691347
0.621601, 0.659817, 0.346528, 0.524545, 0.612539, 0.40552, 1.52886, 2.26356
1.29274, 1.41095, 1.24623, 1.396, 0.44911, 0.496694, 4.02746, 4.45679
0.201095, 0.362876, 0.1954, 0.150953, 0.566038, 0.162118, 0.642074, 1.0524
0.049382, 0.049451, 0.0494071, 0.0619009, 0.00218789, 0.00694551, 0.108784, 0.0516459
0.2343, 0.253664, 0.236599, 0.133326, 0.289785, 0.130553, 5.58507, 4.85561
0.0233261, 0.00118022, 0.0102738, 0.00448373, 0.00428846, 0.00100825, 0.00677806, 0.495439
0.575881, 0.559787, 0.587938, 0.615221, 0.459612, 0.523041, 0.653315, 0.315852
0.00201029, 0.00668846, 0.0113968, 1.78242e-05, 0.005252, 0.00969325, 0.0410774, 1.82612
0.0792725, 0.0788809, 0.0872646, 0.0658656, 0.0698004, 0.0518144, 0.566316, 1.52111
0.0103874, 0.044437, 0.045852, 0.0165255, 0.113606, 0.266788, 0.360748, 1.12621
0.0282337, 0.0772848, 0.0303819, 0.0204695, 0.129915, 0.0708407, 0.218112, 1.35462
0.289714, 0.201387, 0.449724, 0.414639, 0.403786, 0.122667, 0.393559, 0.289304
0.166378, 0.122355, 0.140165, 0.0700563, 0.144254, 0.656113, 0.933651, 0.34013
0.163766, 0.146715, 0.149587, 0.122817, 0.189932, 0.0753725, 1.12169, 0.947508
0.0145607, 0.00249944, 0.0384655, 0.0524509, 0.00791561, 0.180191, 3.6961, 3.60424
1.68706, 1.71105, 1.58646, 1.54383, 1.44669, 1.61295, 0.73535, 0.853474
0.138539, 0.18596, 0.101833, 0.284749, 0.0020451, 0.167674, 3.0866, 2.18649
0.581471, 0.763767, 0.76179, 0.713329, 0.849984, 0.881038, 0.783826, 0.929751
4.96261, 4.84943, 4.847, 4.68011, 4.62156, 4.5937, 6.28936, 5.72783
0.0197806, 0.031449, 0.0115895, 0.0308029, 0.0376542, 0.109767, 0.0611421, 0.0329741
0.413376, 0.484984, 0.605808, 0.565385, 0.554747, 0.782493, 0.0300413, 0.250984
0.100347, 0.0974148, 0.060355, 0.069179, 0.054386, 0.0867647, 0.135068, 0.331734
0.00967891, 0.0466375, 0.00303436, 2.80983e-05, 0.130891, 0.0102872, 0.28833, 0.193334
0.3169, 0.261682, 0.258243, 0.36727, 0.937969, 0.925174, 0.624475, 0.383114
0.0510047, 0.034436, 0.051318, 0.00263501, 0.263091, 0.217171, 0.321926, 0.0296042
0.393252, 0.413664, 0.370163, 0.289066, 0.284746, 0.173667, 0.00473562, 0.0366731
0.000284342, 0.00132094, 0.000126974, 0.000707682, 0.00204426, 2.54735e-05, 0.448916, 1.14287
0.0717833, 0.074678, 0.0102894, 0.0363893, 0.03283, 0.0364728, 0.0615359, 0.114891
1.36489, 1.2782, 1.25678, 1.23154, 1.50905, 1.35459, 1.5454, 1.45083
2.5415, 2.55596, 2.61385, 2.56591, 2.14363, 1.71931, 3.34251, 2.78708
0.0502832, 0.041206, 0.0503256, 0.173733, 0.0284485, 0.0340268, 3.78108, 3.4422
0.141072, 0.210361, 0.0526641, 0.391867, 0.0445645, 0.00267721, 0.920916, 0.967823
0.0816234, 0.0407338, 0.0533137, 0.0301584, 0.0328351, 0.0112387, 0.157462, 0.000708137
0.0230189, 0.031459, 0.0238489, 0.0140751, 0.0636879, 0.0294163, 0.890643, 0.965715
0.0054225, 0.00445872, 0.00664073, 0.0170206, 0.0144456, 0.00163775, 0.403311, 0.403331
0.68314, 0.461071, 0.455735, 0.302633, 0.649423, 0.666201, 2.57764, 2.03244
0.545977, 0.58575, 0.607314, 0.652276, 0.854893, 0.442309, 0.0902149, 0.109125
0.104328, 0.234832, 0.231979, 0.252229, 0.0703574, 0.145345, 0.035238, 0.000674916
0.479495, 0.499758, 0.419594, 0.451616, 0.447552, 0.458255, 0.144517, 0.34349
0.0173914, 0.0130367, 0.0173581, 0.0320219, 0.00366842, 0.00279747, 0.0611384, 0.111355
0.00340959, 0.000267748, 0.00663217, 0.00475541, 0.00576728, 0.00125053, 0.0064304, 0.00106221
0.125197, 0.143582, 0.11741, 0.209301, 0.175948, 0.185934, 0.736864, 2.17525
6.7733e-05, 0.0132706, 0.000177106, 0.015275, 0.0460064, 0.17458, 0.0840165, 0.265949
0.362258, 0.3992, 0.323704, 0.288223, 0.308109, 0.330875, 0.323397, 0.0276093
0.0309591, 0.0118858, 0.0080791, 0.000830739, 0.0295752, 0.0077641, 1.5123, 2.11526
0.842028, 1.21972, 0.787725, 0.872838, 1.22067, 0.809096, 0.426712, 0.598451
0.102403, 0.123128, 0.102711, 0.118065, 0.0226107, 0.0928542, 0.368011, 0.0395106
4.07195e-05, 0.0015302, 0.00022855, 0.000185683, 0.00283749, 0.00012686, 0.0170069, 0.0636432
0.00010838, 1.18882e-05, 4.29345e-06, 0.034492, 0.000401555, 0.0112186, 0.000563464, 0.00133056
0.0635882, 0.0595651, 0.0493172, 0.0193046, 0.0529271, 0.303482, 0.638994, 0.00180071
2.67958, 2.65012, 2.44083, 2.26448, 1.88704, 3.44697, 3.0895, 3.36272
0.101081, 0.0588588, 0.108539, 0.0518294, 0.255064, 0.173121, 0.02032, 0.402001
0.0750467, 0.114083, 0.117349, 0.113102, 0.0421734, 0.000294797, 0.657562, 0.329937
0.199087, 0.21462, 0.129828, 0.231311, 0.0542337, 0.068285, 0.00259617, 0.0526655
0.047654, 0.0543978, 0.257026, 0.122373, 0.0245999, 0.376155, 0.00783735, 0.0278243
0.0215206, 0.101306, 0.0303256, 0.151897, 0.000810448, 0.130919, 1.3549, 0.371564
2.7567, 3.24698, 2.88898, 3.38691, 3.41415, 4.21341, 5.58604, 5.70712
0.0517111, 0.0572867, 0.031251, 0.0418769, 0.0098933, 0.0626867, 0.0196649, 0.00307878
2.31005, 2.0845, 2.17499, 1.94479, 1.7753, 1.61201, 0.250088, 0.281502
0.0426327, 0.0583805, 0.000322123, 0.00573187, 0.0170953, 0.0676512, 0.268479, 0.256644
0.0633447, 0.00635682, 0.0637883, 0.0403414, 0.044692, 0.0535195, 0.559362, 0.867761
0.0265458, 0.0182424, 0.046601, 0.0844549, 0.0299431, 0.0243963, 0.558207, 2.13874
0.176071, 0.200775, 0.186867, 0.245263, 0.212095, 0.252339, 0.585396, 0.10654
0.0165177, 0.00433072, 0.0072712, 0.00282814, 0.00460528, 0.014142, 0.185908, 0.000436106
0.380079, 0.378093, 0.383588, 0.484878, 0.376495, 0.286789, 0.00596253, 0.297324
0.310122, 0.31616, 0.310123, 0.434434, 0.42489, 0.609332, 1.17038, 1.34111
0.000623006, 0.00186263, 0.0339531, 0.03181, 0.00141492, 0.024969, 0.212265, 0.800585
0.0854598, 0.0600816, 0.0614241, 0.0615979, 0.0316026, 0.033788, 0.00788905, 0.0298147
3.04389, 3.20806, 3.0511, 3.48865, 3.29831, 3.22288, 4.79916, 5.28698
0.793846, 0.603313, 0.776739, 0.79215, 0.382876, 0.805747, 1.71956, 0.86681
0.0466407, 0.10546, 0.0468195, 0.158102, 0.0647183, 0.0012554, 0.391425, 0.995759
0.604469, 0.443653, 0.483368, 0.4588, 0.456267, 0.459141, 0.0413473, 1.40727
0.00151421, 0.00117605, 0.0032514, 0.039809, 0.0110111, 0.000625506, 0.375754, 1.52899
0.0447129, 0.0444821, 0.0753468, 0.134965, 0.00197544, 0.00740846, 0.778693, 0.976643
0.0212519, 0.0285051, 0.0198692, 0.0531077, 0.0629369, 0.0508057, 1.54592, 0.914966
2.05516e-05, 0.00573728, 0.00489422, 0.000436761, 0.011515, 0.00150725, 0.00839268, 0.778103
0.107355, 0.096017, 0.0771551, 0.094036, 0.120317, 0.117421, 0.401976, 0.199845
0.00665772, 0.0174172, 0.027528, 0.0193426, 0.0143637, 0.132941, 0.136685, 0.280964
0.0214483, 0.0352013, 0.0211835, 0.0261763, 0.00270106, 0.0124509, 0.605672, 0.61631
0.491183, 0.512786, 0.521402, 0.408479, 0.621605, 0.391801, 1.95783e-07, 0.220786
1.07436, 1.07755, 0.849132, 0.832912, 0.897998, 0.92082, 1.17518, 1.05374
0.267065, 0.581126, 0.265819, 0.335429, 0.470513, 0.202738, 1.09179, 1.19295
0.00645777, 0.000404568, 0.00440568, 0.0257451, 0.0569931, 0.0913676, 0.59741, 1.00725
0.0202993, 0.0258909, 0.00336852, 0.00144043, 0.0035262, 0.110438, 0.147788, 0.372575
1.34597, 1.30733, 1.32264, 1.42489, 1.99388, 1.14031, 3.06519, 1.73067
0.650984, 0.709831, 0.718403, 0.531141, 0.350099, 0.30762, 0.0697716, 0.983806
0.771522, 0.794866, 0.691515, 0.723518, 0.813855, 0.773632, 1.12109, 2.74186
0.0483209, 0.0443261, 0.0425464, 0.0399439, 0.0535249, 0.159141, 0.0394518, 0.077238
0.392111, 0.365576, 0.366711, 0.359336, 0.294807, 0.622321, 0.00151424, 0.887277
0.898919, 0.855291, 1.08704, 0.702742, 0.802081, 1.21208, 2.69742, 1.81466
0.00636632, 0.0310142, 0.013664, 0.2943, 0.0752528, 0.0911778, 0.134198, 0.00394637
0.0780013, 0.0710082, 0.0330663, 0.0290209, 0.0551163, 0.00419329, 0.234814, 0.185031
0.0755111, 0.0801526, 0.0651737, 0.0278136, 0.28694, 0.0574107, 0.427379, 0.444061
0.00170665, 0.00129062, 0.00202566, 0.0141898, 0.00183573, 5.83273e-05, 0.617259, 0.912041
8.57891e-05, 0.0234556, 0.0658438, 0.0225417, 0.00365602, 0.0354921, 0.0893851, 0.155181
0.0181766, 0.027414, 0.0485755, 0.0549814, 0.000400807, 0.0229044, 0.386159, 0.516744
0.0854049, 0.167615, 0.15396, 0.0581012, 0.335156, 0.131349, 0.00217731, 0.061842
0.0206537, 8.59371e-05, 0.0106986, 0.0182639, 0.00644971, 0.0529181, 3.48868, 2.44982
0.0361429, 0.0423384, 0.0455269, 0.0572144, 0.134036, 0.065427, 0.28032, 0.0690211
0.00380224, 0.00593764, 0.000786183, 0.000565226, 0.0785484, 0.00174145, 0.101995, 0.00931216
0.174778, 0.166332, 0.187437, 0.195426, 0.149273, 0.165954, 0.19701, 0.137411
0.00029423, 0.0398919, 0.00225849, 0.00656649, 0.0581059, 0.0164882, 0.496941, 0.00219898
0.103739, 0.105951, 0.108216, 0.148537, 0.0700105, 0.00567091, 1.18732, 0.343604
1.88997e-05, 0.000381693, 0.00758616, 0.00374117, 0.135442, 0.118255, 0.954339, 0.0963978
0.124673, 0.0840715, 0.123115, 0.0975775, 0.0446162, 0.100402, 0.0665017, 0.000908551
0.453704, 0.377686, 0.480629, 0.303273, 0.391983, 0.380246, 0.366509, 0.775017
0.324206, 0.305146, 0.316009, 0.31554, 0.313862, 0.29088, 0.0439874, 0.286061
0.521606, 0.444346, 0.483499, 0.581783, 0.11633, 0.0343851, 4.10169, 4.22559
0.000396095, 0.00177361, 0.00427907, 1.95609e-06, 0.00273802, 0.00176357, 0.452209, 0.231098
0.170186, 0.170553, 0.183286, 0.132902, 0.223732, 0.35381, 0.0424057, 0.550735
0.593136, 0.686608, 0.602074, 0.520493, 0.662747, 0.53508, 0.154191, 0.0148429
0.270969, 0.247181, 0.219723, 0.18169, 0.32379, 0.347675, 0.0272054, 0.0657647
0.434257, 0.49972, 0.590549, 0.525626, 0.559861, 0.493501, 2.50469, 1.72942
0.457761, 0.600193, 0.392859, 0.528984, 0.494706, 0.40197, 0.612168, 0.980866
1.48379, 1.52871, 1.44845, 1.47732, 1.3556, 1.40864, 2.42981, 2.86888
0.0129097, 0.0120172, 0.0124371, 0.0468076, 0.032298, 0.0421565, 0.114326, 0.269158
2.74645, 2.72519, 2.5215, 2.83945, 2.96748, 3.10476, 5.9851, 4.41218
0.0630698, 0.0347839, 0.056281, 0.042201, 0.164698, 0.215135, 1.74514, 0.972438
0.303295, 0.0209967, 0.00449484, 0.011508, 0.0116628, 0.0124469, 2.48578, 2.03195
0.209457, 0.204099, 0.218955, 0.214645, 0.216436, 0.190311, 2.84938, 4.14562
0.148193, 0.127499, 0.130718, 0.0995729, 0.122455, 0.0740623, 0.0784792, 0.327162
0.400608, 0.406144, 0.371283, 0.276774, 0.811642, 0.883784, 1.36126, 2.75287
0.0269948, 0.0287685, 0.0348912, 0.00884397, 0.0128745, 0.0379728, 0.651934, 0.567258
0.517416, 0.969005, 0.646324, 0.459129, 0.916891, 0.792111, 0.0256692, 0.310432
2.20396, 2.28031, 2.20143, 2.19001, 1.52243, 2.41399, 1.28393, 3.16751
0.0949315, 0.0912291, 0.124919, 0.081168, 0.106931, 0.102948, 0.124095, 0.4979
3.12562, 3.37773, 2.09033, 3.26384, 3.6936, 2.35898, 2.65143, 4.5227
3.30817, 3.41083, 3.31222, 3.87493, 2.88954, 3.64281, 3.18163, 5.80172
0.0958741, 0.104494, 0.104548, 0.098531, 0.102023, 0.118655, 0.148819, 0.176571
0.353654, 0.55882, 0.241183, 0.411249, 0.616724, 0.526794, 1.72159, 0.648774
0.970503, 0.926291, 0.950511, 1.22667, 1.08071, 1.02524, 0.090966, 0.9886
0.0260808, 0.0297606, 0.0203005, 0.0196403, 0.000644045, 0.0207679, 0.0115745, 0.138848
0.0743721, 0.0667243, 0.0441195, 0.0743604, 0.0247466, 0.14209, 3.73343, 1.74144
0.24412, 0.191494, 0.145805, 0.26623, 0.423113, 0.305754, 0.565175, 2.16602
0.0646131, 0.0592113, 0.0582197, 0.0317305, 0.0427393, 0.0327972, 0.0526887, 0.0206011
0.00145325, 0.000731892, 0.00650051, 0.00177202, 0.0631742, 0.00634606, 0.0496261, 0.153556
0.0511584, 5.4792e-07, 0.000160423, 0.0988212, 0.207079, 0.083841, 0.00268892, 0.0635835
0.826898, 1.2181, 0.864996, 1.10402, 1.13427, 0.581424, 0.481883, 0.256523
2.56287, 2.64534, 2.5421, 2.71961, 2.36499, 2.55923, 0.957107, 1.76551
1.73272, 1.75338, 1.64274, 2.24542, 1.24099, 1.43372, 0.661981, 0.21408
0.0397472, 0.0226593, 0.0256556, 1.38259e-05, 0.000780501, 0.0134266, 1.72785, 0.8024
0.161466, 0.126029, 0.115281, 0.194691, 0.171688, 0.120648, 0.248652, 0.0733514
1.3316, 1.2327, 1.48511, 1.1565, 1.1774, 1.21345, 0.278192, 0.0795706
0.48673, 0.522683, 0.53976, 0.633216, 0.204966, 0.498577, 0.266069, 0.0358438
0.695212, 0.828705, 0.523428, 0.825681, 0.779569, 0.555755, 0.364297, 0.0974039
0.0217354, 0.0194343, 0.00918241, 0.00134749, 0.00487231, 0.0537643, 0.00740239, 0.215486
0.417586, 0.351723, 0.367997, 0.401123, 0.141156, 0.250722, 0.125407, 0.0841607
1.46939, 1.49275, 1.38463, 1.1115, 2.00784, 1.09638, 0.997628, 2.36913
0.539174, 0.728219, 0.475655, 0.479259, 0.578454, 0.518981, 1.89307, 0.889828
0.00684799, 0.000718488, 8.11196e-06, 0.00638831, 0.0475874, 0.0365744, 0.436516, 3.91318e-06
1.13443, 0.846578, 0.969764, 0.566931, 0.66819, 1.12096, 1.69665, 1.82608
0.00784807, 0.0168099, 0.0208827, 0.0143186, 0.0497209, 0.078952, 0.172496, 0.329613
1.00163, 1.01874, 0.619098, 0.7937, 1.13351, 1.0718, 0.660307, 1.18699
0.427551, 0.444406, 0.424744, 0.468417, 0.153445, 0.33459, 0.374842, 1.26868
0.326275, 0.291146, 0.0949533, 0.13645, 0.175136, 0.741066, 0.183295, 0.302214
1.38026, 1.41011, 1.43054, 1.32833, 1.78707, 1.82296, 0.275447, 0.981525
0.190818, 0.231909, 0.224436, 0.242825, 0.200708, 0.0907744, 0.0165928, 0.0450369
0.0731808, 0.102494, 0.0874631, 0.11305, 0.00241055, 0.0748383, 0.0964707, 0.230695
2.53136, 2.5322, 2.4673, 2.78498, 2.60925, 2.42957, 2.46682, 1.85477
0.00359953, 0.0074283, 0.0048086, 0.0151318, 0.00398589, 0.00329417, 0.416515, 0.503515
0.058072, 0.0562481, 0.0442951, 0.0586832, 0.0740688, 0.0144964, 0.0623062, 0.0292209
0.159178, 0.188318, 0.0854438, 0.10539, 0.465907, 0.214602, 1.25802, 1.08356
0.0020408, 0.0135197, 0.00030295, 2.57655e-05, 0.00808727, 0.054109, 0.0664172, 0.00795433
0.00227935, 0.00121298, 0.000652523, 0.000212919, 0.0182383, 5.569e-05, 1.40363, 1.32218
0.0109976, 0.00705018, 0.0227941, 0.0633022, 0.0122433, 0.00929259, 0.0599175, 0.0905939
0.341627, 0.368576, 0.325776, 0.479724, 0.215241, 0.303912, 0.0185013, 0.0677762
0.143051, 0.132256, 0.137031, 0.154291, 0.141239, 0.135117, 1.35438e-06, 0.0716647
0.120007, 0.122399, 0.108374, 0.0694921, 0.100268, 0.037691, 0.107033, 0.476608
0.0113286, 0.0322109, 0.00602539, 0.00644872, 0.088231, 0.0319349, 0.272041, 0.230095
0.00408974, 0.0566069, 0.0196682, 0.00142666, 0.000916862, 0.0388273, 0.19501, 1.10254
0.323099, 0.349622, 0.331624, 0.298436, 0.415131, 0.474997, 0.314128, 0.327421
0.00174236, 0.00320309, 0.00281581, 0.000629524, 0.00358919, 0.00974449, 0.0667212, 0.000260384
0.00201263, 0.00562367, 0.00998916, 0.00260594, 0.00418119, 0.000347983, 0.760645, 0.404179
1.11901, 1.12745, 1.20348, 0.926724, 1.21034, 1.13227, 7.10624, 8.35553
0.00582185, 0.0086035, 0.00472415, 0.0167102, 0.0216626, 0.000383261, 0.227521, 0.6119
0.206773, 0.089833, 0.200401, 0.189101, 0.0770709, 0.0651875, 0.0034249, 0.159118
0.00600223, 0.0218896, 0.0100774, 0.0231236, 0.145757, 0.269844, 1.00562, 0.00557224
1.42926, 1.38529, 1.42076, 1.35881, 1.34998, 1.20974, 0.0520993, 0.29758
1.48612, 1.55082, 1.34637, 1.84362, 0.221962, 2.06979, 3.61284, 4.05147
0.0434433, 0.0551039, 0.056744, 0.0419568, 0.0364818, 0.254004, 0.0650463, 0.000178934
0.00447099, 0.0134426, 0.0107292, 0.03386, 0.00200759, 0.00933384, 0.463839, 0.441314
0.231109, 0.220686, 0.206971, 0.178051, 1.10163, 1.02487, 1.10636, 2.30613
2.01086, 1.70787, 1.72812, 1.87545, 1.75082, 1.92008, 2.81523, 2.30515
0.24424, 0.206909, 0.236975, 0.17828, 0.162545, 0.167294, 0.00159457, 0.00203686
0.0673709, 0.0582995, 0.0631274, 0.0860066, 0.290055, 0.117423, 0.543043, 0.0111671
0.00339917, 0.00334828, 0.00841832, 0.120482, 0.00853629, 0.0129315, 0.49911, 0.164589
2.41845, 2.51638, 2.40479, 2.61863, 2.43853, 2.3355, 2.91329, 2.6159
0.029048, 0.0406472, 0.0190724, 0.0143639, 0.0161676, 0.0738336, 0.644964, 0.98703
0.832061, 0.851409, 0.889278, 0.743614, 1.05381, 0.905383, 0.527031, 0.858792
0.313263, 0.299606, 0.298712, 0.416566, 0.264471, 0.217449, 0.000513135, 0.195058
0.0104653, 0.0207102, 0.00816072, 2.02678e-05, 0.154571, 0.068242, 0.358933, 0.330886
0.175256, 0.174603, 0.173146, 0.236215, 0.185408, 0.187123, 5.49065, 9.61321
0.135783, 0.0936348, 0.161623, 0.116851, 0.0423888, 0.0864833, 0.254459, 0.637214
2.0811, 2.07781, 2.24176, 2.12968, 1.47862, 2.3651, 0.547155, 0.293117
0.023723, 0.0151595, 0.0189605, 0.0108529, 0.00625787, 0.0478913, 0.0506522, 8.66613e-05
0.019116, 0.000322134, 0.0163264, 0.0101652, 0.0121736, 0.00826514, 0.0136643, 0.0615836
0.124034, 0.0968471, 0.152333, 0.0835639, 0.0953391, 0.0982774, 0.301069, 0.859752
0.0159577, 0.0284098, 0.0319469, 0.036893, 0.0542069, 0.0161938, 3.20361, 3.20891
1.08573, 1.10924, 1.05657, 0.948624, 1.29602, 0.78633, 0.533785, 1.34615
1.51239, 1.23466, 1.41732, 1.45929, 0.204702, 2.64664, 1.6431, 3.05003
0.286979, 0.201765, 0.242014, 0.146038, 0.240973, 0.521979, 0.32211, 0.372586
3.9549, 4.16219, 3.23892, 3.97838, 4.21945, 3.31632, 1.68011, 2.33787
2.56619e-05, 0.00157271, 9.16263e-05, 0.0633183, 0.0441048, 0.0203129, 0.324962, 0.131648
0.682259, 0.693843, 0.676084, 0.762861, 0.226893, 0.323026, 2.00675, 2.39762
0.566206, 0.605199, 0.488729, 0.6562, 0.46174, 0.435487, 1.40536e-05, 0.119615
0.0202107, 0.0122646, 0.0599774, 0.0988039, 0.000366585, 0.00550234, 0.0737873, 0.38987
0.434704, 0.414705, 0.404698, 0.472272, 0.447159, 0.245223, 0.365972, 0.11957
0.203618, 0.241819, 0.275703, 0.170077, 0.161055, 0.215508, 0.0339462, 0.10652
0.383114, 0.380873, 0.405403, 0.527221, 0.685799, 0.56174, 0.590925, 0.892712
0.0682795, 0.0443854, 0.00935211, 0.0154342, 0.0486248, 0.122681, 1.26108, 2.11315
0.0510163, 0.0781372, 0.0300496, 0.0116779, 0.213359, 0.100356, 2.36324, 2.17321
0.22351, 0.166813, 0.0974807, 0.105275, 0.339686, 0.0262414, 0.420594, 0.00364485
0.000425443, 0.0022663, 0.00138376, 4.90672e-05, 0.0499051, 0.0814627, 1.4913, 1.81836
0.0953326, 0.0177493, 0.0950948, 0.0570175, 0.0186126, 0.0496435, 3.42249, 1.08785
0.249837, 0.147288, 0.271502, 0.146474, 0.372476, 0.345147, 0.904107, 0.031128
0.403347, 0.354078, 0.385861, 0.175571, 0.76798, 0.909635, 1.57912, 0.783652
4.04571e-06, 2.41505e-05, 4.45751e-06, 0.000364046, 0.000132677, 0.0047953, 0.508255, 0.466033
0.649975, 0.550941, 0.589647, 0.412374, 1.03853, 0.554404, 0.0295181, 0.07396
0.0169946, 0.0147347, 0.0170148, 0.0273431, 0.000490473, 0.0476124, 0.000496891, 0.0126916
2.65898e-07, 0.012026, 0.00736555, 0.00143441, 0.0177025, 0.00025042, 0.303294, 1.39207
0.502816, 0.416783, 0.398509, 0.394542, 0.311753, 0.376717, 0.0783525, 0.157285
0.0808101, 0.0208033, 0.0176318, 0.051348, 0.0216147, 0.033653, 0.53221, 1.2343
0.11794, 0.110515, 0.0915758, 0.0234397, 0.150973, 0.136404, 0.265013, 0.008103
0.102478, 0.069201, 0.0906736, 0.0202146, 0.440048, 0.297472, 4.20549, 4.39031
1.98315, 1.90807, 1.94178, 1.50818, 1.98741, 1.85011, 1.29435, 0.104149
0.041681, 0.0631547, 0.0484574, 0.0383431, 0.0083883, 0.0320316, 0.743077, 0.0064259
0.0696434, 0.124119, 0.0676653, 0.0595378, 0.169955, 0.276752, 1.17315, 0.707207
0.957158, 0.973447, 0.95963, 1.32957, 1.35644, 1.36669, 2.82012, 2.06234
0.0438634, 0.0420194, 0.0495651, 0.0822132, 0.075034, 0.189113, 0.242472, 0.194
0.0281568, 0.0235024, 0.0211565, 0.0113422, 0.00334801, 0.049462, 0.154725, 0.0164682
0.108574, 0.175806, 0.203922, 0.0451923, 0.635799, 0.142076, 0.000202253, 0.163337
0.0341744, 0.0278426, 0.0287367, 0.0167033, 0.00746314, 0.112769, 0.0107252, 1.07525
3.22416e-06, 5.88773e-05, 4.24325e-05, 0.00219681, 2.2216e-05, 0.000330195, 0.00096037, 0.00937745
0.355186, 0.3806, 0.362656, 0.686953, 0.247417, 0.60397, 0.295912, 2.03592
0.145351, 0.100727, 0.176122, 0.19868, 0.0120209, 0.124646, 0.162586, 0.230218
0.268062, 0.0481549, 0.284721, 0.297144, 0.606564, 0.249601, 0.276202, 0.558647
0.0159612, 0.0138582, 0.0146461, 0.00430251, 0.00514035, 0.00612185, 2.5365, 3.27706
0.0769351, 0.0663551, 0.102546, 0.0861536, 0.0997527, 0.128262, 0.194274, 0.198241
0.690015, 0.956435, 0.937126, 0.902667, 0.797372, 1.3202, 0.424612, 0.688787
0.275656, 0.280095, 0.277883, 0.150021, 0.258891, 0.193866, 0.00307986, 0.407601
0.845886, 1.17969, 0.606403, 0.837934, 2.69245, 0.768787, 5.83849, 6.20776
0.0108775, 0.0407395, 0.054808, 0.0064443, 0.0586441, 0.267946, 0.178833, 0.0141634
0.00914451, 8.94529e-07, 0.0773955, 0.000359951, 0.00113384, 0.0991396, 0.29059, 0.00073681
0.0032486, 0.00985365, 0.00516265, 0.0130261, 0.00340305, 0.0354171, 0.276926, 0.0192994
0.507317, 0.531607, 0.438701, 0.798715, 0.341379, 0.250781, 1.49938, 0.746214
0.176028, 0.182481, 0.208696, 0.209082, 0.0913644, 0.0420451, 0.0825132, 0.0967806
0.159202, 0.0374399, 0.0431478, 0.0685754, 0.336607, 0.12918, 0.345104, 0.850991
0.00697869, 0.0152857, 0.0283358, 0.0224221, 0.0040358, 0.00835333, 0.00053056, 0.212981
0.96314, 0.907205, 0.933036, 0.932501, 0.910817, 0.978694, 0.413291, 0.147448
0.0506703, 0.035776, 0.0677998, 0.0303237, 0.0352508, 0.0770983, 1.72112, 2.49682
0.00662326, 0.000218064, 0.00954835, 0.0020236, 0.010003, 0.00937652, 0.250353, 0.881298
1.73877, 1.83701, 1.73516, 3.23979, 2.65482, 2.81295, 0.848152, 1.56477
0.0705107, 0.0751178, 0.0125324, 0.000915746, 0.0414332, 0.312627, 1.96601, 2.39935
1.26896, 1.16278, 1.25853, 1.35175, 0.678311, 1.06052, 0.112499, 0.0960147
0.0753454, 0.0746337, 0.0978778, 0.0226963, 0.0118862, 0.374927, 0.23544, 0.336026
0.409664, 0.260115, 0.303646, 0.136279, 0.736014, 0.563746, 0.454482, 0.0180235
0.301459, 0.259355, 0.307785, 0.410297, 0.57691, 0.0662277, 1.56268, 1.48055
0.451807, 0.454461, 0.5203, 0.522862, 0.265359, 0.526432, 0.146055, 0.276238
0.173411, 0.296476, 0.259581, 0.1312, 0.205136, 0.599032, 1.95508, 2.5326
0.209257, 0.149425, 0.1697, 0.31299, 0.243493, 0.27998, 0.670453, 0.0913383
0.00562307, 0.000996407, 0.000940741, 0.00358622, 0.00187892, 0.00376055, 0.0374537, 0.0166109
0.228542, 0.279318, 0.206805, 0.312515, 0.147891, 0.180214, 0.79081, 0.821917
0.0976552, 0.0280869, 0.0418722, 0.00865107, 0.0445261, 0.0117483, 0.201048, 0.380407
0.174198, 0.346571, 0.172944, 0.13613, 0.769762, 0.52707, 1.87851, 2.44038
0.0278386, 0.029238, 0.0278203, 0.0256373, 0.134694, 0.0495741, 0.522529, 1.04933
0.0546242, 0.0461069, 0.0294604, 0.0914045, 0.0586484, 0.00377268, 1.33667, 0.769534
1.1217, 1.97818, 1.4634, 1.69439, 2.10881, 1.96858, 1.11961, 1.66201
0.237962, 0.243056, 0.22961, 0.157618, 0.645001, 0.0433469, 1.69492, 0.2102
0.00276653, 0.0156136, 0.0262757, 0.00384572, 0.0107403, 0.0979233, 0.818122, 1.44754
0.0156032, 0.0310516, 0.0351615, 0.0652738, 0.00320238, 0.0264759, 0.0059392, 0.0352843
0.0189184, 0.0183439, 0.0220182, 2.76633e-05, 0.0632647, 0.0467696, 0.539034, 1.2735
0.0146905, 0.0495661, 0.0100431, 0.023841, 0.053848, 0.0582006, 0.00983877, 0.0332636
0.00838313, 0.00413371, 0.00818641, 0.0959626, 0.000427536, 0.0187884, 0.00819477, 0.0407393
0.501035, 1.09134, 0.516256, 0.583229, 0.597556, 1.0755, 0.604034, 1.07307
0.0523154, 0.0467037, 0.0384594, 0.0125582, 0.0443905, 0.0604198, 0.0724893, 0.0245913
0.210973, 0.473149, 0.0489912, 0.147559, 0.938001, 0.0137031, 0.0208333, 0.0314073
4.12138, 4.02637, 4.06171, 3.80589, 3.47589, 4.12842, 5.33538, 4.71796
1.17247, 1.16507, 1.04359, 1.56059, 1.14305, 0.758364, 3.66275, 3.18798
0.0411322, 0.0504785, 0.0600679, 0.0299787, 0.112101, 0.195833, 0.143303, 0.557606
0.316937, 0.406098, 0.293966, 0.531969, 0.959865, 0.94828, 3.10838, 3.29028
0.147853, 0.0076492, 0.132524, 0.0656643, 0.502376, 0.281114, 0.161829, 0.012955
0.325113, 0.315236, 0.252836, 0.122462, 0.335681, 0.0764494, 2.62179, 2.9303
0.445219, 0.383123, 0.407362, 0.548429, 0.190381, 0.484326, 0.471212, 0.618224
0.45611, 0.611335, 0.429559, 0.330247, 0.905285, 0.475959, 0.00595528, 0.14453
0.047188, 0.043123, 0.0467283, 0.0718659, 0.0921366, 0.11635, 0.00128874, 0.0173443
0.101898, 0.150965, 0.131543, 0.184051, 0.186292, 0.166909, 0.194633, 0.686283
2.98227e-05, 0.0206681, 0.000106509, 0.00658686, 0.0279006, 0.00319292, 0.0341027, 0.240388
0.821005, 0.808993, 0.702728, 0.596719, 0.817217, 0.947482, 0.992718, 3.77276
0.189888, 0.179705, 0.19527, 0.298808, 0.438932, 0.121983, 0.177462, 0.355157
0.041951, 0.0517901, 0.041104, 0.031797, 0.0405167, 0.00628997, 0.563646, 0.16927
0.0222029, 0.0109518, 0.0218701, 0.0180068, 0.00772977, 0.0161686, 0.338691, 0.138642
0.327293, 0.242194, 0.242197, 0.305018, 0.404265, 0.41337, 0.00854076, 0.0101747
0.166837, 0.13471, 0.157497, 0.131121, 0.122088, 0.191044, 1.04967, 1.82761
0.371507, 0.612281, 0.263604, 0.467437, 0.787636, 0.43831, 3.16471, 2.62694
0.333523, 0.331002, 0.297686, 0.336812, 0.697878, 0.377332, 0.000855248, 0.467202
1.04445, 0.76538, 0.459082, 1.29556, 0.417537, 0.157538, 0.0614063, 0.0152958
0.227535, 0.35587, 0.192423, 0.206012, 0.0301949, 0.248299, 0.463925, 0.47669
0.224908, 0.166842, 0.260685, 0.240338, 0.225729, 0.161031, 0.0347495, 0.0218403
0.218418, 0.186191, 0.194876, 0.101818, 0.18382, 0.0666486, 1.1868, 0.383309
0.138715, 0.191514, 0.095738, 0.237588, 0.0903618, 0.18131, 0.0701781, 0.000443464
0.054551, 0.146829, 0.0805853, 0.0622433, 0.168713, 0.0686154, 0.0352318, 0.253466
0.768536, 0.804183, 0.765646, 0.828734, 0.925948, 1.00025, 3.98349, 4.13328
0.415868, 0.380828, 0.412226, 0.433491, 0.449655, 0.335505, 0.59027, 0.492695
0.179182, 0.183031, 0.202293, 0.181778, 0.459193, 0.225271, 0.223537, 0.53656
0.00195366, 0.00224342, 0.00253465, 0.0173811, 0.00222098, 0.00794582, 0.138695, 0.0923587
0.348682, 0.358357, 0.319173, 0.221796, 0.314764, 0.69279, 1.87403, 3.28796
0.143528, 0.105027, 0.107856, 0.0802411, 0.00978974, 0.0631555, 0.921526, 1.24819
0.0744121, 0.123606, 0.142795, 0.140682, 0.0770562, 0.20105, 1.81748, 1.77649
0.332905, 0.387813, 0.356961, 0.322829, 0.721896, 0.206152, 2.48496, 3.69032
2.35163, 2.18799, 1.73376, 1.83547, 1.93765, 1.97282, 1.14148, 2.34073
2.60032, 2.25212, 2.29557, 2.48184, 2.93321, 2.99508, 1.2051, 0.998085
0.0357274, 0.0406275, 0.0216296, 0.0344887, 0.09678, 0.135772, 0.0699212, 0.645137
0.116525, 0.0813572, 0.141233, 0.120314, 0.163004, 0.136009, 0.0515208, 0.0220336
0.0257891, 0.00329603, 0.00518929, 0.0110015, 0.000385637, 0.000326085, 2.31966, 2.60147
0.374837, 0.403722, 0.36989, 0.424208, 0.371191, 0.310336, 0.00661723, 0.148082
0.479133, 0.477838, 0.469807, 0.414164, 0.527566, 0.614227, 3.16763, 3.44344
0.160729, 0.0752333, 0.0576863, 0.0807683, 0.0942386, 0.0599476, 0.512795, 1.11413
0.297096, 0.24325, 0.24426, 0.279574, 0.217801, 0.197628, 0.0115579, 0.101666
3.5621, 3.54138, 3.64949, 3.63929, 3.4787, 3.91894, 3.66839, 4.46102
0.986542, 0.986349, 0.9942, 1.46146, 0.463636, 1.00875, 1.13879, 1.39844
0.448199, 0.408059, 0.384887, 0.254183, 0.437331, 0.56926, 0.281326, 0.989816
2.68291, 2.49363, 2.39345, 2.37208, 3.02876, 2.60577, 2.32754, 5.05254
2.70653e-05, 0.000273197, 0.00294598, 0.00149204, 0.0102316, 0.00824503, 0.433825, 0.136938
0.839257, 0.745126, 0.669112, 0.944444, 0.329494, 1.13339, 0.0841832, 0.014675
1.14643, 1.17393, 1.14877, 1.13221, 1.25832, 1.35965, 0.671141, 1.77084
0.00709178, 0.0718581, 0.00534717, 0.0153065, 0.0508686, 0.0402316, 0.00590322, 0.0104956
0.0461305, 0.0305627, 0.0281654, 0.0243197, 0.00920963, 0.00841886, 0.399657, 0.240693
0.0330809, 0.104747, 0.0432065, 0.0331262, 0.0546186, 0.0841473, 0.321216, 0.302891
0.0841271, 0.0157318, 0.0347156, 0.126901, 0.306363, 0.00378595, 1.70564, 4.08497
0.00386061, 0.028883, 0.00263017, 0.0501126, 0.0262443, 0.00682434, 0.0178194, 0.184556
0.322229, 0.348849, 0.307608, 0.302977, 0.665385, 0.349306, 0.00308484, 0.000728704
0.346359, 0.679117, 0.307698, 0.47145, 0.857477, 0.538851, 0.210341, 0.167221
0.35608, 0.4983, 0.475648, 0.862894, 0.0558408, 0.271811, 0.405637, 0.104711
0.330132, 0.225087, 0.263226, 0.193267, 0.0450408, 0.0147037, 1.88304, 2.26506
0.306704, 0.272112, 0.285582, 0.277385, 0.334042, 0.532263, 1.09975, 1.34093
0.0739065, 0.091445, 0.0191152, 0.146632, 0.0138623, 0.00474984, 1.30462, 3.00018
0.382285, 0.387233, 0.427648, 0.384391, 0.362217, 0.397513, 0.146998, 0.0521308
0.0597647, 0.0803579, 0.0602627, 0.0861413, 0.187381, 0.323559, 3.67238, 4.16621
0.015501, 0.0217832, 0.000136645, 0.00905978, 0.0589307, 0.00100228, 3.58245, 3.67721
0.111625, 0.112067, 0.1123, 0.0847415, 0.0754149, 0.0808927, 0.0589372, 0.146422
4.8845e-11, 0.0211119, 9.71603e-05, 0.0221088, 0.0463833, 0.0131996, 2.85824, 2.67531
0.295542, 0.237866, 0.23861, 0.332686, 0.543573, 0.579604, 1.92981, 2.87256
0.135615, 0.165704, 0.113953, 0.0461354, 0.516536, 0.624576, 0.023779, 0.017273
1.07318, 0.858102, 0.84902, 0.946725, 0.631918, 0.566068, 3.0718, 3.70845
0.00014023, 0.00675031, 0.0014611, 0.00866073, 0.0181461, 0.0234375, 0.0437951, 0.172704
0.0105779, 0.00352382, 0.00280284, 0.00663741, 0.044505, 7.51603e-05, 0.0076556, 0.200208
0.39364, 0.387565, 0.403408, 0.393559, 0.563746, 0.50887, 1.76756, 0.876757
0.0860928, 0.0864797, 0.0869796, 0.115655, 0.0717826, 0.108452, 1.84943, 1.60375
0.842751, 0.884206, 0.939963, 1.09047, 0.843141, 0.890988, 0.583273, 0.17769
0.878464, 0.876199, 0.786318, 0.957137, 0.950636, 0.7459, 0.00196735, 0.219295
0.087482, 0.0990563, 0.0668187, 0.0765228, 0.0161453, 0.0814454, 0.197724, 0.258427
0.000300283, 0.00081842, 0.00531889, 0.00011635, 0.00467591, 0.00308068, 0.283301, 0.00906939
0.433415, 0.433779, 0.433658, 0.645759, 0.0114687, 0.0280521, 0.0894822, 0.0445746
0.230361, 0.251683, 0.224554, 0.47513, 0.100197, 0.0590064, 1.03067, 1.8691
0.0203132, 0.0197618, 0.0200451, 0.0231755, 0.00357095, 0.00345146, 0.3931, 1.18177
0.149728, 0.0967899, 0.101424, 0.0938236, 0.00993009, 0.0124221, 0.0832394, 0.0047542
0.0034711, 0.000285692, 0.0181087, 0.0076026, 0.0282069, 0.00790851, 0.734962, 0.980619
0.0602108, 0.0882167, 0.0900868, 0.0245788, 0.117917, 0.0999763, 0.00743889, 0.248192
0.0249735, 0.0248754, 0.0384852, 0.117867, 0.0243706, 0.154703, 0.364953, 0.560001
0.0698313, 0.0457564, 0.0740419, 0.000662137, 0.284477, 0.070158, 0.00453809, 0.0182669
0.036167, 0.0388145, 0.0384322, 0.0445012, 0.00482753, 0.000544957, 0.0650189, 0.899732
0.781353, 0.864467, 0.886423, 0.94722, 0.753955, 0.584766, 0.0135144, 0.203164
0.556147, 0.603427, 0.576986, 0.540746, 0.467322, 0.573708, 0.686626, 1.85156
0.000245852, 3.46978e-05, 1.11838e-05, 0.00104915, 0.000584777, 0.010258, 0.289758, 1.12452
0.631796, 0.547242, 0.580988, 0.451815, 1.67652, 0.950693, 4.48821, 2.91972
0.0446604, 0.0517894, 0.0323659, 0.015015, 0.023063, 0.13061, 0.00112859, 0.0507465
1.46525, 1.72862, 1.86841, 1.35884, 2.05114, 1.8854, 0.920032, 1.06151
0.0135395, 0.000558997, 0.00328917, 0.00195167, 2.32146e-05, 5.88439e-05, 0.119825, 0.167604
0.242796, 0.233813, 0.214715, 0.0767817, 0.157506, 0.271738, 1.02837, 1.90417
0.953796, 0.926005, 0.809059, 0.882483, 0.986434, 0.739196, 0.778709, 1.39124
0.224845, 0.24975, 0.246336, 0.261334, 0.102377, 0.138865, 0.136445, 0.997586
0.151553, 0.15403, 0.137329, 0.0713494, 0.296944, 0.200251, 1.58309, 1.23483
0.509474, 0.618329, 0.511731, 0.761372, 0.439474, 0.294498, 0.521202, 1.49778
0.0318743, 0.0235039, 0.0335469, 0.0324294, 0.0240647, 0.132587, 0.00990792, 3.68153e-05
3.12758e-06, 0.000287567, 0.027702, 0.00113838, 6.40644e-06, 0.0189797, 1.37423, 1.33761
2.38912, 2.60488, 2.41456, 2.4931, 3.44391, 3.05043, 4.07891, 5.58914
0.20872, 0.150613, 0.29312, 0.109608, 0.128337, 0.446289, 1.46228, 0.036494
2.78152, 1.9382, 2.09119, 1.79931, 2.21764, 2.15412, 5.94097, 3.35048
0.170594, 0.0708248, 0.128003, 0.0377387, 0.147707, 0.00564768, 0.127009, 0.00246789
1.1933, 1.19773, 1.11559, 1.23225, 0.913115, 1.0892, 0.691813, 0.694158
1.01611, 0.968567, 0.972069, 0.817888, 0.630555, 0.598128, 0.0189873, 0.147491
0.148693, 0.156336, 0.217728, 0.0922455, 0.252736, 0.205759, 0.0617043, 0.0839426
6.19104e-05, 2.62502e-05, 0.00207096, 0.0114125, 0.0103533, 0.188853, 0.068688, 0.245959
0.0638118, 0.071083, 0.0650696, 0.130826, 0.063085, 0.0180676, 0.0151006, 0.00304639
0.281847, 0.241425, 0.285791, 0.110447, 0.42855, 0.200731, 1.08583, 0.334444
2.58237, 2.60165, 2.39831, 2.4815, 2.66708, 3.18145, 1.4737, 3.1317
0.600299, 0.581043, 0.557144, 0.553122, 0.571209, 0.614679, 2.70545, 1.39047
0.127536, 0.129476, 0.136637, 0.16546, 0.296034, 0.312395, 0.0466808, 0.728019
0.181643, 0.171898, 0.138826, 0.199697, 0.103951, 0.128449, 0.0521611, 0.0271092
0.00309539, 0.0112196, 0.000471147, 0.000712583, 0.00809011, 0.0319786, 0.375159, 0.552768
0.285939, 0.242362, 0.237602, 0.203179, 0.295052, 0.35445, 1.15752, 0.162372
0.0108443, 0.138942, 0.0358649, 0.0082992, 0.0661548, 0.0116918, 0.413316, 0.412622
1.00337, 0.970565, 0.929937, 0.771949, 0.796576, 1.00534, 0.00750482, 0.145168
0.138762, 0.0380488, 0.139249, 0.0582176, 0.178095, 0.260915, 0.0171341, 0.00809155
0.443064, 0.45274, 0.426656, 0.54611, 0.414058, 0.42575, 0.0485698, 0.0181322
0.706791, 0.730666, 0.671734, 0.659597, 0.437943, 1.05544, 0.433267, 0.531817
1.30477, 1.32433, 1.36362, 1.31766, 1.28034, 1.17474, 0.0510449, 0.0926565
0.224092, 0.218524, 0.241471, 0.167467, 0.133536, 0.295536, 0.0701916, 0.305238
2.04663, 1.98563, 1.8251, 1.91723, 2.26999, 1.29527, 1.54695, 1.62122
0.0509966, 0.00521922, 0.0370637, 0.000395411, 0.175518, 0.0372324, 0.872602, 1.80344
0.094419, 0.0350747, 0.0499233, 0.0245879, 0.024265, 0.0599008, 0.253072, 0.915899
0.0014965, 0.000204911, 0.00239294, 0.000294426, 0.00239447, 0.00033711, 0.0860194, 0.00353929
0.604089, 0.463073, 0.458844, 0.553283, 0.629843, 0.55562, 0.0679086, 0.0836782
2.17783, 3.02947, 2.17383, 2.89253, 3.15346, 3.06358, 5.42199, 2.39868
0.0307393, 0.0184006, 0.0282565, 0.031752, 0.0108613, 0.00526574, 0.0838396, 0.398007
0.464444, 0.648889, 0.302399, 0.361506, 0.746686, 0.313575, 5.00157, 6.54687
0.0358242, 0.049688, 0.0398684, 0.0701344, 0.115469, 0.111005, 1.14105, 0.520749
0.304551, 0.300354, 0.301121, 0.345577, 0.29657, 0.378851, 1.50821, 1.6295
0.228121, 0.267681, 0.259615, 0.125501, 0.427289, 0.270872, 0.711645, 1.72946
0.000204826, 0.00606515, 0.000139994, 0.000143198, 0.00148245, 8.06245e-05, 0.206596, 0.0109982
0.483219, 0.363852, 0.437109, 0.350785, 0.222252, 0.469248, 0.992411, 1.21787
0.323862, 0.309481, 0.329322, 0.238818, 0.356324, 0.305631, 0.155974, 0.10009
1.38254, 1.48706, 1.39731, 1.63916, 0.777575, 0.928216, 0.52512, 0.657653
0.0882281, 0.0857049, 0.0844033, 0.207114, 0.0961662, 0.100315, 0.45301, 0.00112287
9.06512e-05, 0.00165018, 0.0131192, 0.00772659, 0.00551264, 0.13305, 0.161882, 0.751065
0.161904, 0.660826, 0.161902, 0.552145, 0.465347, 0.454473, 1.13254, 1.17428
0.479233, 0.496809, 0.546147, 0.27619, 0.139743, 0.135049, 0.299913, 0.339825
0.535248, 0.611175, 0.551844, 0.583213, 0.465535, 0.448514, 0.609649, 0.394981
1.00178, 0.883618, 0.853199, 0.819739, 0.622069, 0.57114, 5.82852, 4.81374
0.412277, 0.44698, 0.257531, 0.3411, 0.485514, 0.179909, 1.1232, 0.696803
0.0544485, 0.0909289, 0.00286511, 0.0552099, 0.169827, 0.322622, 0.230142, 0.193397