0.18467, 0.239024, 0.0476618, 0.253039, 0.263909, 0.0999113, 0.282484, 0.940421
0.429373, 0.408304, 0.27186, 0.677331, 0.485984, 0.00234247, 0.853432, 1.16546
0.0202604, 0.0373803, 0.00113712, 0.00752744, 0.211037, 0.00098639, 0.119919, 0.0712165
0.68806, 0.343077, 0.837253, 1.02444, 0.265525, 0.0555627, 2.58505, 5.33091
0.0340255, 0.0463697, 0.0395315, 0.0272531, 0.498393, 0.486424, 2.72642, 3.76635
2.23928, 2.61431, 1.83378, 2.39055, 2.67105, 1.82334, 2.90737, 2.75952
0.0170153, 0.000297255, 3.63915e-05, 0.00589231, 0.0137508, 0.0177758, 0.0765095, 0.00759534
0.0072953, 0.0114411, 0.0580747, 0.00208485, 0.0110614, 0.026945, 0.109857, 0.0189633
0.222333, 0.154831, 0.297573, 0.209105, 0.0936643, 0.335807, 0.0925996, 0.0912426
0.242132, 0.243832, 0.239299, 0.198108, 0.210872, 0.226125, 0.0735661, 0.00485506
0.756535, 0.602599, 0.318, 0.360842, 2.22087, 0.432888, 3.99089, 5.19281
0.00213461, 0.0310575, 0.00635691, 5.04948e-05, 0.239845, 0.0221151, 1.22532, 3.42171
0.017469, 0.0215982, 6.50407e-05, 0.0238343, 0.191205, 9.37017e-05, 0.205219, 0.00145616
2.50866, 1.88012, 2.62715, 2.18894, 1.99604, 0.698746, 3.08883, 2.68646
0.127935, 0.00141944, 0.136247, 0.125439, 0.0287588, 0.116875, 0.00214168, 0.0716123
0.0732407, 0.0759819, 0.11136, 0.048255, 0.0333579, 0.0981593, 1.13824, 1.00544
0.233607, 0.246343, 0.233615, 0.252218, 0.390235, 0.311789, 0.647386, 0.144641
0.0943077, 0.117366, 0.0800654, 0.0822915, 0.137875, 0.084142, 0.149367, 0.0391081
0.0140251, 0.0296799, 0.0110926, 0.0123717, 0.058226, 0.000109903, 1.19916, 2.07377
1.01516, 1.00389, 0.416779, 0.95195, 1.05823, 2.08821, 0.0697278, 1.09854
0.549159, 0.570379, 0.152691, 0.586787, 0.573326, 0.0477157, 0.0121476, 0.380369
0.165284, 0.0601161, 0.0568383, 0.108462, 0.0128149, 0.623895, 6.57592, 6.14852
0.111504, 0.0773251, 0.0869933, 0.0980003, 0.244627, 0.330782, 0.163209, 0.523215
0.555351, 0.889694, 0.715147, 0.630293, 0.883108, 0.948135, 0.119569, 0.0613635
0.00245101, 0.000748752, 0.0263209, 0.00321822, 0.00502705, 0.0580093, 0.357002, 0.417768
0.29661, 0.234149, 0.329645, 0.424702, 0.0993987, 0.305832, 0.550071, 1.07122
0.365055, 0.386413, 0.396831, 0.644202, 0.136061, 0.264093, 1.41504, 4.55672
1.33219, 1.32223, 1.33377, 1.29235, 1.16335, 1.36917, 0.352331, 0.333156
0.0738646, 0.160113, 0.0816778, 0.135849, 0.142452, 0.132458, 1.74124, 2.35572
0.00986726, 0.00472456, 0.0162691, 0.0121091, 0.211617, 0.0154647, 0.0687539, 0.648399
0.000231312, 0.196841, 0.000399869, 0.00582606, 0.132507, 0.00696561, 0.776857, 0.583945
0.323082, 0.0995152, 0.155341, 0.273249, 0.122656, 0.355216, 0.385055, 0.55134
0.0986123, 0.0911628, 0.00830319, 0.0438287, 0.168886, 0.154584, 0.0707449, 0.0740528
0.00984801, 0.000531154, 0.0173785, 0.000564164, 0.010571, 0.0344451, 0.0107777, 0.235612
0.229812, 0.304075, 0.303209, 0.31605, 0.23029, 0.0493591, 3.1182, 2.97704
0.442017, 0.269974, 0.531009, 0.443198, 0.0257195, 0.713561, 0.0919119, 0.0349173
0.00862726, 0.0403351, 0.00812313, 0.00211963, 0.0229544, 0.00180247, 0.32833, 0.350962
0.00776244, 0.00791717, 0.000127483, 0.00551486, 0.0123625, 1.12612, 0.648593, 1.05025
0.0607518, 0.0264718, 0.0554439, 0.0433036, 0.0279813, 0.115424, 1.00822, 0.177217
1.16533, 0.659362, 0.657345, 1.06174, 0.434477, 0.900057, 0.56459, 0.0757455
0.0127623, 0.0933941, 0.0202302, 0.0576425, 0.6781, 0.0120925, 1.25736, 1.73295
2.81039e-05, 0.0038368, 8.92715e-06, 0.00270162, 0.273986, 4.61622e-05, 0.0122986, 0.215951
0.605423, 0.320508, 0.527391, 0.485553, 0.402991, 0.474752, 0.00466715, 0.0227407
0.0452107, 0.0989893, 0.0111053, 0.0507726, 0.0843646, 0.025755, 1.1398, 1.99388
0.0445178, 0.134933, 0.116565, 0.0792423, 0.00987298, 0.036167, 0.323906, 0.321814
0.77157, 0.772459, 1.71886, 0.74938, 0.444687, 1.32366, 0.321562, 2.88028
0.455328, 1.72476, 0.0278299, 0.588751, 1.44868, 0.0608185, 1.98857, 1.70683
0.0145902, 0.220152, 0.0427756, 0.0391109, 0.342276, 3.10055e-06, 0.0201752, 0.182274
0.0021086, 0.000283471, 0.0200922, 0.00385837, 0.0498209, 0.00114331, 0.145595, 0.318535
1.10112, 0.849013, 0.852669, 1.04247, 1.10482, 0.731434, 0.0179687, 0.000562207
0.00311611, 0.0896369, 0.00140432, 0.0129789, 0.0742183, 0.01603, 0.00600101, 0.0789526
1.23919, 1.38026, 0.704896, 1.26941, 1.36082, 0.580596, 0.0837572, 0.0165031
0.0836946, 0.0625391, 0.0516544, 0.0545059, 0.163119, 0.15837, 0.0392185, 0.00531438
0.0140781, 0.000426759, 0.000557218, 0.00341994, 0.0737085, 0.115508, 0.727503, 0.469007
0.70588, 0.677985, 0.689661, 0.679248, 0.796533, 1.17653, 2.24442, 2.25609
0.0824055, 0.138851, 0.204157, 0.126699, 0.145467, 0.15351, 1.65447, 1.92823
0.317583, 0.0888062, 0.358595, 0.208744, 0.305637, 0.0913072, 0.0116588, 0.0306531
3.57473, 3.62335, 3.48239, 3.53495, 3.82653, 3.47003, 0.715544, 3.08019
1.07475, 1.31871, 1.03464, 1.1461, 1.34238, 1.13273, 0.466343, 0.960138
0.0879586, 0.127479, 0.0887528, 0.153726, 0.00236591, 0.0864221, 0.360061, 1.37411
0.0140545, 0.0143198, 0.0582276, 0.00118254, 0.062038, 0.00580911, 0.00994424, 0.0158467
0.135029, 0.144612, 0.118423, 0.11808, 0.105283, 0.177826, 1.69563, 2.7296
0.00362621, 0.000164954, 0.0863467, 0.0142933, 0.0209228, 0.139026, 0.0866529, 0.0687829
0.0200594, 0.00546998, 0.0132749, 0.0240096, 0.0579641, 0.461843, 0.00489441, 0.374979
2.08472, 2.53426, 2.08401, 2.70283, 2.11084, 2.87165, 4.77877, 3.85763
0.0831453, 0.305305, 0.0241006, 0.213928, 0.460604, 0.076331, 0.867905, 1.42453
0.152049, 0.104206, 0.0299215, 0.0456764, 0.122813, 0.161444, 0.977469, 1.48423
0.0210389, 0.0156823, 0.0142389, 0.000225451, 0.0353799, 0.0246706, 0.984545, 1.16539
0.0598682, 0.0359264, 0.0506476, 0.043003, 0.13767, 0.385188, 0.005223, 0.0169268
0.885229, 0.844999, 0.843432, 1.00149, 1.11726, 1.28819, 0.798656, 1.0732
0.330837, 0.332178, 0.223603, 0.247393, 0.381641, 0.320099, 0.417769, 0.0320658
0.161732, 0.159911, 0.0543884, 0.198671, 0.126749, 0.271504, 0.00258424, 0.154867
0.0448007, 0.0406107, 0.0595661, 0.0789137, 0.0505057, 0.229051, 0.00149232, 0.0165856
1.11021, 1.29113, 1.02654, 1.28458, 1.00652, 0.325023, 0.00151392, 0.0286888
0.115584, 0.201326, 0.0519574, 0.066929, 0.207694, 0.175501, 0.264992, 0.00298785
0.188358, 0.164314, 0.0307568, 0.121488, 0.081225, 0.281394, 0.0177075, 0.0368164
0.013699, 0.0064767, 0.199525, 0.0316209, 0.000794814, 0.0829033, 0.0663087, 0.0988015
0.0437825, 0.101953, 0.0870427, 0.0693569, 0.118764, 0.0316755, 0.214949, 0.472368
0.0790856, 0.110269, 0.121085, 0.119947, 0.043728, 0.154765, 0.385849, 0.00773094
0.467249, 0.465474, 0.314128, 0.473039, 0.13035, 0.0874324, 0.232006, 0.506664
0.0766991, 0.182692, 0.0190786, 0.181488, 0.0178924, 0.194774, 0.131076, 0.27178
0.0721026, 0.117287, 0.0728748, 0.128921, 0.0600282, 0.132012, 0.565268, 0.307731
0.970197, 0.925775, 0.900911, 0.925747, 1.40346, 1.19015, 2.39371, 3.18766
0.0110867, 0.00146541, 0.00289191, 0.00176934, 0.00135555, 0.0061512, 1.21668, 0.167401
1.33657, 1.26473, 1.62036, 1.32364, 1.74178, 2.36149, 0.742136, 3.29356
1.90766, 1.31632, 1.28796, 1.65011, 2.79203, 1.70965, 0.394641, 0.410707
0.141345, 0.16246, 0.109897, 0.161736, 0.223659, 0.16877, 0.573281, 0.619606
0.021143, 0.0107485, 0.0211769, 0.00385421, 0.0435817, 0.0357426, 0.0087049, 0.103079
0.112216, 0.121757, 0.256951, 0.154656, 0.336358, 0.117211, 2.78593, 3.70177
0.000560542, 0.0116688, 0.00193949, 0.0069163, 0.0170169, 0.000628746, 0.117109, 0.0661198
0.228491, 0.234047, 0.834678, 0.341724, 0.228851, 0.80545, 1.60898, 1.53656
0.588059, 0.601103, 0.385144, 0.515516, 0.51029, 0.342447, 0.974315, 0.496184
0.0106252, 0.0650453, 0.0104149, 0.00469208, 0.0509504, 0.0209942, 0.222808, 0.349061
0.0400243, 0.168811, 0.11494, 0.0333525, 0.000421809, 0.0464205, 0.0602408, 0.0971024
0.129618, 0.0271391, 0.0947795, 0.0931802, 0.0234037, 0.0664429, 0.0594676, 0.0491161
0.0230295, 0.000100871, 0.0247958, 0.0237835, 0.104466, 0.388348, 0.18644, 0.0827407
0.057634, 0.0215151, 0.0438222, 0.0517959, 0.0901037, 0.0243382, 0.186851, 0.748382
0.109038, 0.0987288, 0.0929854, 0.160924, 0.16915, 0.0772276, 0.00833618, 0.0168148
0.691183, 0.726878, 0.696396, 0.904415, 0.848845, 0.452867, 4.44317, 7.01783
0.0425367, 0.461803, 0.0457607, 0.0551204, 0.198253, 0.141027, 0.268929, 0.149033
0.620474, 1.03598, 0.165416, 0.957689, 0.980401, 0.0755307, 2.71888, 1.38983
0.0606629, 0.0124454, 0.047619, 0.0151042, 0.00367134, 0.0904297, 0.656301, 0.22312
0.362764, 0.254548, 0.313413, 0.253572, 0.055408, 0.55681, 1.01611, 0.441267
0.258195, 0.310846, 0.150066, 0.195977, 0.808432, 0.159015, 0.708406, 0.730506
0.17316, 0.0964151, 0.165759, 0.112823, 0.0332147, 0.266823, 0.0202101, 0.208415
0.0251939, 0.116115, 0.0275015, 0.0124515, 0.0265748, 0.0503325, 0.200002, 0.124105
0.707533, 0.741724, 0.301605, 0.660763, 0.52188, 1.10066, 0.124615, 0.102302
6.54832e-05, 0.00132623, 0.000246711, 0.00172693, 0.00118529, 0.00928478, 0.0143853, 0.00441986
0.103388, 0.11421, 0.0869165, 0.092077, 0.0856049, 0.0777872, 0.0707924, 0.0525292
0.00804594, 0.00538712, 0.00104754, 0.00845379, 0.00218522, 0.00143106, 0.000231755, 0.0785934
0.151807, 0.158399, 0.146614, 0.16269, 0.162963, 0.163119, 0.00898973, 0.000127014
0.0419227, 0.0341599, 0.153867, 0.12298, 0.0874274, 0.174866, 2.01725, 4.55903
0.606231, 0.285201, 0.506216, 0.713739, 0.128851, 0.792768, 0.00997575, 5.66134e-05
0.130038, 0.00918711, 0.0545301, 0.0792213, 0.161623, 0.0352105, 1.36347, 0.686574
9.81003e-05, 9.88955e-06, 0.00136033, 0.00554256, 0.00754522, 0.0490666, 0.082301, 0.771616
1.36173, 1.39933, 0.789244, 1.29492, 1.94102, 1.07294, 1.62862, 2.3613
0.291323, 0.25399, 0.250631, 0.252895, 0.23086, 0.0333717, 0.00146977, 0.0131603
0.631883, 0.780879, 0.434565, 0.493765, 0.648991, 0.56693, 0.816002, 0.417987
0.0134553, 0.0112917, 0.00907007, 0.0219689, 0.0124951, 0.0188395, 1.50715, 1.48318
0.0137515, 0.0261306, 0.00651223, 0.00909346, 0.0288366, 0.0102044, 0.470485, 0.732092
0.0198773, 0.54262, 8.2804e-05, 0.000774983, 0.00675069, 0.000425327, 1.29681, 1.27437
0.00514539, 0.000780918, 0.00316817, 0.00509104, 0.00555832, 0.177625, 0.907978, 1.71653
0.308122, 0.288255, 0.311599, 0.317228, 0.34967, 0.445353, 0.928799, 0.650831
0.851852, 1.45288, 0.662221, 1.07507, 1.2659, 0.811948, 1.09794, 2.41424
0.000900495, 0.0429829, 0.00593686, 5.78636e-05, 0.0639173, 0.00628105, 0.324291, 0.458375
0.207207, 0.119477, 0.0682126, 0.18806, 0.0218305, 0.170489, 0.00746808, 0.0122415
0.212616, 0.200376, 0.176341, 0.142607, 0.181233, 0.333605, 0.14525, 0.0418771
6.90047e-06, 8.26982e-05, 2.10825e-05, 0.000976768, 0.00444495, 0.0152802, 0.0244217, 0.00433653
0.0422911, 0.0288173, 0.048549, 0.0721565, 0.118568, 0.00357512, 2.22586, 2.58254
0.193898, 0.171862, 0.122797, 0.194623, 1.17652, 0.11409, 2.33694, 1.33516
0.0111931, 0.0142774, 0.00437513, 0.0355677, 0.007596, 0.0101629, 0.268142, 0.949964
0.85644, 1.28357, 1.00638, 0.92262, 1.47758, 1.06561, 2.0087, 2.10658
0.0228521, 0.0372618, 0.32521, 0.0147385, 0.273414, 0.442601, 2.17943, 2.92441
0.0578359, 0.0540499, 0.0677906, 0.0604244, 0.078805, 0.0750587, 1.60568, 0.581589
0.0938855, 0.0341668, 0.115166, 0.100173, 0.379135, 0.0363811, 0.011597, 0.00752076
0.852871, 0.862784, 0.653529, 0.803021, 0.980863, 0.948255, 0.881402, 0.737013
0.19275, 0.255893, 0.179093, 0.213794, 0.312276, 0.220105, 1.02861, 1.13028
0.0134052, 0.00266689, 0.00332822, 0.023731, 0.0256797, 0.0142115, 0.599427, 1.04419
8.50339e-05, 0.0196471, 0.0436716, 0.0228599, 0.055948, 0.0358385, 0.889274, 1.3144
0.0552167, 0.0106616, 0.00158705, 0.0353348, 0.0108598, 0.042215, 0.117772, 0.223778
0.108942, 0.168832, 0.45612, 0.132415, 0.295077, 0.0278057, 0.0854035, 0.180055
1.38009, 1.46411, 1.4776, 1.38941, 1.29977, 1.34105, 0.0391442, 0.0402838
0.319526, 0.982404, 0.30115, 0.417163, 0.683278, 0.871257, 1.65795, 2.66794
0.283616, 0.348595, 0.269576, 0.271197, 0.325641, 0.286059, 0.0693668, 0.0731497
0.0466333, 0.0973359, 0.161091, 0.0837186, 0.104, 0.0830738, 0.0829031, 0.0841817
3.17689, 2.86156, 2.70297, 3.20542, 2.93379, 2.63418, 4.21659, 5.26469
0.269745, 0.0634951, 0.162547, 0.205914, 0.0651087, 0.00910763, 6.52645, 10.3889
0.428151, 0.414111, 0.507432, 0.476354, 0.149328, 0.595807, 0.00247133, 0.195534
0.108007, 0.0581271, 0.260377, 0.0696979, 0.644069, 0.150149, 0.181431, 0.843612
0.470739, 0.342515, 0.613246, 0.59216, 0.99807, 0.674553, 0.969321, 0.768166
0.00470549, 0.0069326, 0.0271638, 0.0233708, 4.0771e-09, 0.00827318, 0.0118337, 0.0349799
0.00939602, 0.0200434, 0.0730532, 0.0001077, 0.249822, 0.0333438, 0.405707, 0.468411
0.0826291, 0.173985, 0.106626, 0.0931572, 0.254979, 0.113111, 0.0324804, 0.00229978
0.0583158, 0.0777744, 0.0333412, 0.0401667, 0.055519, 0.00016323, 0.210199, 0.236714
0.869045, 0.862731, 4.9945, 0.980551, 0.762284, 0.473361, 2.97026, 3.99213
0.400769, 0.422543, 0.386297, 0.531735, 0.995975, 0.179703, 0.196282, 1.11595
0.336177, 0.470091, 0.252434, 0.435513, 0.484142, 0.210795, 0.819909, 1.17754
0.138849, 0.0915978, 0.177864, 0.153745, 0.021795, 0.0399159, 0.0661879, 0.0442481
0.179881, 0.176891, 0.177916, 0.278409, 0.289816, 0.0726989, 0.15424, 0.553279
0.0652146, 0.0388745, 0.0174133, 0.07907, 0.569549, 0.00347595, 0.513781, 0.43664
0.293654, 0.215297, 0.152327, 0.415652, 0.355235, 0.037136, 0.258694, 0.288063
0.43291, 0.727601, 0.45856, 0.618311, 0.0254696, 0.193469, 0.133176, 0.0786012
0.040502, 0.0461343, 0.0420303, 0.0473463, 0.000710215, 0.113372, 0.222863, 0.0440966
0.0914784, 0.00162085, 0.0249696, 0.0548005, 0.000545041, 0.0465553, 0.682671, 0.231507
0.111454, 0.237106, 0.0699113, 0.26081, 0.111651, 0.0265657, 0.0962985, 0.0695931
0.0245955, 0.0214299, 0.0174201, 0.0158102, 2.09117e-05, 0.0177801, 0.553543, 0.757101
0.0426032, 0.108004, 0.0168525, 0.0334015, 0.0119338, 0.00352652, 2.81947, 3.23353
0.53524, 0.552271, 0.51698, 0.387236, 0.210357, 1.14722, 0.608606, 1.35972
0.0614924, 0.0831231, 0.0568528, 0.0618048, 0.0836818, 0.0560937, 0.394297, 0.517533
0.21186, 0.220104, 0.211771, 0.200093, 0.432637, 0.178235, 0.678015, 0.459325
0.0103807, 0.0188652, 0.00844092, 0.00016761, 0.00288697, 0.00820549, 0.0445147, 0.596599
0.00398507, 0.00209786, 0.00114221, 0.00637695, 0.00104561, 0.00321263, 0.133309, 0.0153922
0.123878, 0.0154351, 0.0736049, 0.0327405, 0.10981, 0.0581225, 0.166697, 1.10988
0.0672203, 0.000167964, 0.0761668, 0.00688811, 7.16877e-05, 0.100863, 2.41062, 3.02158
0.00228293, 0.0196427, 0.0434163, 0.0191809, 0.0330876, 0.0204618, 0.0582294, 0.0220812
0.34121, 0.360184, 0.304761, 0.42207, 0.305397, 0.295131, 0.0316966, 0.243526
2.37202, 2.21136, 0.675128, 2.20922, 2.28755, 1.16841, 7.26818, 5.91334
0.160067, 0.166902, 0.197025, 0.148106, 0.228951, 0.182081, 1.14461, 2.0555
0.109418, 0.102067, 0.117676, 0.132548, 0.0123974, 0.135134, 0.004057, 0.00201488
0.00681067, 0.0303963, 0.0814747, 0.03882, 0.0232501, 0.0302467, 0.274794, 0.214742
0.000490721, 0.00176149, 0.0470478, 0.0191672, 0.00179574, 0.143701, 0.421092, 0.399139
0.426727, 0.75912, 0.407028, 0.583164, 0.259899, 0.433301, 1.71532, 1.10557
2.47989e-05, 0.0833725, 0.0374238, 0.000340658, 0.0149961, 0.0437508, 0.00808392, 0.0208423
0.0256351, 0.0879748, 0.00147474, 0.036042, 0.00138636, 1.36678, 0.000585546, 0.128541
0.112587, 0.154279, 0.130019, 0.210173, 0.424804, 0.0924368, 1.5811, 0.580281
1.50228, 1.56604, 1.89189, 2.06007, 1.82905, 2.50597, 2.04313, 2.19173
0.906673, 1.00997, 0.765902, 0.93819, 1.04165, 0.735147, 0.735409, 0.381323
0.0142033, 0.21588, 0.0189759, 0.0166817, 0.247109, 0.000667779, 0.00130757, 0.492513
0.000714427, 0.0138337, 0.0644843, 0.00914642, 0.00632668, 0.0169212, 0.112696, 0.258681
0.0014821, 0.0204526, 0.000921545, 0.012706, 0.0185419, 0.000313618, 0.0619451, 0.10728
0.198411, 0.293032, 0.278945, 0.305876, 0.32731, 0.157004, 0.752964, 1.02302
1.09668, 1.05915, 0.813173, 1.30434, 0.367505, 0.839668, 0.633154, 0.379962
0.0016044, 0.0332645, 0.00296171, 0.0770038, 8.38567e-05, 0.03093, 2.34209, 2.83545
0.522694, 0.441822, 0.11441, 0.381984, 0.636304, 0.353783, 1.32318, 1.10677
0.0322127, 0.0016316, 0.054713, 0.0654223, 0.0446624, 0.00843567, 0.00756102, 0.149832
0.0395232, 0.000623986, 0.0380127, 0.0257902, 0.0351576, 0.033913, 0.374592, 0.469644
0.0194451, 0.0828597, 0.00137481, 0.00246144, 0.188626, 0.00477058, 0.000348218, 1.20049e-05
0.000754315, 0.00639874, 0.00290608, 0.00678893, 0.000242334, 0.00203626, 0.148428, 1.07879
0.141302, 0.10706, 0.135613, 0.10943, 0.349497, 0.153603, 0.36923, 0.207475
0.229422, 0.258623, 0.126815, 0.222748, 0.353396, 0.0945559, 0.646467, 1.22658
0.115108, 0.548442, 0.164751, 0.271426, 0.583563, 0.235018, 0.183691, 0.0053594
8.92577e-05, 9.12353e-05, 0.00325523, 0.000660012, 0.00202366, 0.0654834, 0.00357092, 0.0198902
0.0476938, 0.000495768, 7.21731e-05, 0.0864238, 0.000913312, 0.90881, 1.858, 1.3097
0.494929, 0.536752, 0.559683, 0.594567, 0.384408, 0.597493, 0.0942906, 0.396287
0.629422, 0.491389, 0.796038, 0.516586, 0.416715, 0.420497, 0.932449, 0.00520419
1.85037, 0.77724, 0.764425, 1.759, 1.61212, 1.22307, 0.00551064, 0.191203
0.0131811, 0.0102328, 0.00076353, 0.00539216, 2.13521e-06, 0.0365706, 2.5377, 2.10962
9.18185e-05, 0.0260738, 0.00431068, 0.000229365, 9.03984e-05, 0.00956567, 0.551853, 0.292991
0.864908, 0.734802, 0.840157, 1.10315, 1.60781, 0.00264008, 0.00404008, 0.00382744
0.214523, 0.152685, 0.374505, 0.256867, 0.0520871, 0.400317, 0.144909, 0.578378
0.0351757, 0.0047362, 0.0418705, 0.0105408, 0.0319685, 0.056124, 0.625971, 0.0740183
0.00119314, 0.0103251, 0.0109524, 0.00546882, 0.00105216, 0.00170698, 0.354207, 0.519652
0.361444, 0.503979, 0.636437, 0.421698, 0.171585, 0.19285, 0.144264, 0.698189
0.000119744, 0.117798, 0.00394555, 0.00124396, 0.0731906, 0.148104, 0.933785, 0.438475
0.0979928, 0.0431083, 0.133451, 0.0976625, 0.0373123, 0.117818, 0.423272, 0.437648
0.096774, 0.0983313, 0.0192603, 0.100799, 0.0919739, 0.0258078, 0.0013163, 0.0416032
0.0388686, 0.00343887, 0.0229631, 0.0409921, 0.272327, 0.0264995, 0.393597, 3.33791
0.00501815, 0.00768489, 0.00492519, 0.0150329, 0.00100849, 0.00381584, 0.0601972, 0.940186
0.37617, 0.367931, 0.210035, 0.346706, 0.306973, 0.447471, 0.0338691, 0.0166164
0.418941, 0.413349, 0.33815, 0.364821, 0.425032, 0.354368, 0.0124996, 0.106064
0.521119, 0.214733, 0.369516, 0.488083, 0.307791, 0.304698, 1.5908, 0.440699
1.76905, 1.74272, 1.66592, 1.72536, 1.47797, 1.7898, 0.308479, 0.698952
0.0794501, 0.0717777, 0.101933, 0.0917942, 0.0549257, 0.156483, 0.0347742, 0.072947
0.0305471, 0.0299301, 0.144721, 0.0505449, 0.130806, 0.146745, 0.000182951, 0.112555
0.739442, 0.722094, 0.345724, 0.83869, 0.59819, 0.460018, 0.190764, 0.260652
0.326895, 0.216441, 0.224867, 0.255895, 0.437837, 0.500349, 0.0187908, 0.0882075
0.0387357, 0.079897, 0.00104773, 0.0440298, 0.17901, 0.189101, 0.477316, 0.687887
0.0462082, 0.218217, 0.0339766, 0.011423, 0.372513, 0.0700271, 3.09111, 2.95171
0.200218, 0.169333, 0.0828542, 0.0681603, 0.28008, 0.021016, 6.42287, 10.4301
0.0257688, 0.0178151, 0.421938, 0.0305399, 0.0467635, 0.621902, 0.803527, 1.88888
0.0530315, 0.000123125, 0.0153055, 0.0221061, 0.00884822, 0.0268523, 1.0607, 0.949071
0.020909, 0.000682072, 0.0460766, 0.00348785, 0.0215302, 0.0101138, 0.272261, 0.474124
0.0107825, 0.0113644, 0.0155721, 0.0107465, 0.244212, 0.120658, 1.13937, 0.613283
1.37938, 1.35301, 1.54159, 1.57925, 1.21978, 1.39494, 0.0628999, 0.532181
0.104336, 0.0348419, 0.108371, 0.120982, 0.0137004, 0.147685, 0.936986, 0.00470394
0.431417, 0.51296, 0.575338, 0.543858, 0.250628, 0.176711, 0.339479, 0.193931
0.00126592, 0.0149348, 0.00124083, 5.92533e-05, 0.0508678, 0.0241731, 0.178082, 1.43128
0.0481711, 0.0182367, 7.12129e-06, 0.0277055, 0.0278379, 6.4207e-07, 5.68207, 4.85664
0.127922, 0.124661, 0.116494, 0.118597, 0.165201, 0.210133, 0.031048, 0.133521
0.000278727, 0.0652567, 0.000266023, 0.00487541, 0.00282241, 4.05659e-05, 0.193437, 0.546062
0.155748, 0.0790694, 0.0454952, 0.180716, 0.199743, 0.367241, 0.312167, 1.24708
0.0887999, 0.149928, 0.0894789, 0.161908, 0.00129809, 0.0280333, 0.00324594, 0.000306816
0.0418546, 0.0912814, 0.0397219, 0.0219951, 0.160914, 0.036522, 1.12721, 0.986854
0.261216, 0.245728, 0.33328, 0.292285, 0.156847, 0.200493, 0.186858, 0.314135
0.0348343, 0.0325119, 0.0406634, 0.00962931, 0.0368928, 0.106946, 0.111162, 0.303971
0.0908505, 0.0943179, 0.0608189, 0.061468, 0.156201, 0.0825508, 0.412105, 0.936884
0.00694553, 0.0902399, 0.0722195, 0.0152584, 0.109811, 0.329605, 0.001578, 0.777611
0.443862, 0.059269, 0.447245, 0.394337, 0.0218597, 0.245278, 0.0942155, 0.160094
0.621477, 0.187359, 0.571597, 0.695132, 0.979615, 0.571206, 1.12888, 0.0718517
0.18698, 0.191285, 0.148638, 0.259388, 0.39733, 0.0766935, 4.22407, 2.4268
0.00511584, 0.0996005, 0.0547276, 0.00340097, 0.00756098, 0.0680899, 0.0927131, 0.0347917
0.00353262, 0.012757, 0.00246258, 0.013964, 0.0707488, 0.0185725, 0.782395, 0.000688206
0.000181707, 0.0455903, 0.0543058, 0.000279489, 0.0450595, 0.00277763, 0.029336, 0.000162652
0.11316, 0.146949, 0.113851, 0.065534, 0.0356801, 0.0224865, 0.0236034, 0.00760079
0.145441, 0.316437, 0.234942, 0.216507, 0.229783, 0.402846, 0.604415, 0.670651
0.00125484, 0.00492496, 0.0184021, 0.0047027, 0.24597, 0.0279738, 0.00128003, 0.302428
0.027025, 0.0229762, 0.0216593, 0.0277323, 0.00384803, 8.85701e-05, 0.542081, 2.94066
1.85272, 1.42725, 1.40303, 1.83247, 1.96888, 1.43204, 0.218714, 0.023683
0.773498, 0.770103, 0.59529, 0.546069, 0.985209, 0.362602, 0.711843, 0.999184
0.050847, 0.0134362, 0.0137491, 0.0588814, 0.0162974, 0.024017, 1.00386, 0.590533
0.0058689, 0.0848928, 0.111957, 0.0102469, 0.0186793, 0.0736708, 0.776161, 1.897
0.0232975, 0.0444992, 0.035662, 0.000243379, 0.0907718, 3.83456e-05, 0.158131, 0.647637
0.0999142, 0.0687896, 0.037417, 0.0570897, 0.0336629, 0.348225, 5.02662, 6.91133
0.636507, 0.375397, 0.00671946, 0.503541, 0.649577, 0.146826, 0.439797, 0.171544
0.175048, 0.0748811, 0.11786, 0.107677, 0.889364, 0.215809, 4.52263, 5.53433
0.0182016, 0.508266, 0.000632332, 0.00157691, 0.592113, 0.0269922, 0.646784, 0.377567
0.3883, 0.802018, 0.383609, 0.395491, 0.42366, 0.297113, 0.022889, 0.477662
0.920139, 0.633739, 0.455392, 0.747683, 0.405408, 0.440368, 1.00102, 1.6399
0.121949, 0.138121, 0.114812, 0.133115, 0.0665083, 0.000709667, 0.0120269, 0.00126781
1.98648, 2.11623, 1.98648, 2.24759, 2.21965, 2.2476, 1.32935, 1.8458
0.100361, 0.0802944, 0.0508371, 0.0677551, 0.0644702, 0.0680638, 0.502743, 0.507251
1.77313, 1.76218, 1.92481, 1.76155, 1.93942, 1.66716, 0.767501, 0.973433
0.286053, 0.393297, 0.271969, 0.360873, 0.101123, 0.243145, 0.128496, 0.190137
0.0363253, 0.00928932, 0.0530468, 0.0542747, 0.038272, 0.0129181, 0.0463387, 0.0273641
0.517679, 0.304568, 0.477646, 0.42164, 0.433861, 0.26661, 0.203354, 0.00883656
0.0079293, 0.104851, 0.000964935, 0.017467, 0.0291664, 0.00342896, 0.0452466, 0.208945
0.220248, 0.201526, 0.275224, 0.167497, 0.760963, 0.279233, 0.12851, 0.0675982
1.47269, 1.15209, 0.916667, 1.90779, 1.85671, 1.37115, 3.63884, 3.83796
0.293785, 0.345572, 0.308199, 0.309012, 0.170086, 0.216551, 0.961773, 0.755023
0.00899888, 0.00623768, 0.000410723, 0.0172046, 0.000959063, 1.99391e-06, 0.0747447, 0.251783
0.0731401, 0.0741463, 0.0724553, 0.053243, 0.0710161, 0.0483329, 1.67509, 0.13297
0.0367676, 0.474054, 0.0518795, 0.106066, 0.553213, 0.0651533, 0.00252167, 0.0774287
0.164842, 0.15817, 0.156631, 0.194893, 0.968237, 0.767968, 4.34256, 2.30456
0.0020053, 0.00830685, 0.0131236, 0.00236974, 0.178705, 0.0105276, 1.82068, 2.18627
0.0410933, 0.0163931, 0.0166915, 0.0449242, 0.310168, 0.0894586, 0.740506, 0.333151
1.26808, 1.02839, 1.92703, 1.30548, 0.89549, 2.70979, 2.63831, 4.13572
1.26723, 1.23534, 1.1819, 1.23893, 0.768343, 1.98275, 0.442555, 0.890503
0.137605, 0.245813, 0.139625, 0.209742, 0.293228, 0.170788, 0.417438, 0.382188
0.209547, 0.000606375, 0.107848, 0.210093, 0.0049658, 0.1171, 0.275126, 1.0866
0.12107, 0.61913, 0.194318, 0.214964, 0.217904, 0.0163268, 0.125968, 0.389433
0.0813939, 0.00144023, 0.104466, 0.0303048, 0.0336549, 0.0992363, 0.162054, 0.290152
0.290103, 0.287743, 0.404124, 0.217836, 0.318571, 0.288523, 0.369105, 0.438661
0.0295582, 0.0109585, 0.0301084, 0.0166397, 0.133674, 0.0637115, 0.33259, 0.0980571
0.360384, 0.312384, 0.362918, 0.312867, 0.266328, 0.522233, 2.49297, 0.998104
0.666062, 0.611169, 0.531162, 0.634742, 0.859493, 0.526726, 0.364587, 0.493365
0.00490133, 0.00855533, 0.00820135, 0.0263221, 0.00289709, 0.0075191, 0.0222418, 0.000458575
0.162039, 0.164613, 0.109866, 0.136413, 0.110258, 0.0767288, 0.127289, 0.0658421
0.0568153, 0.222751, 0.154084, 0.0806473, 0.24281, 0.31309, 0.836802, 1.15743
0.702789, 0.695335, 1.02485, 0.698643, 0.890918, 1.36089, 0.055219, 0.126427
0.816617, 0.217193, 0.134026, 0.698005, 0.180609, 0.113234, 1.56946, 2.18329
0.921579, 0.919553, 0.839267, 0.854866, 0.928098, 0.260472, 0.279881, 0.331494
0.111101, 0.189075, 0.1124, 0.130437, 0.122598, 0.0203481, 0.610266, 0.264928
0.432637, 0.84762, 1.86712, 0.602125, 0.0357937, 3.22817, 0.00516838, 0.529083
0.527454, 0.516707, 0.198919, 0.574013, 0.314875, 0.249388, 0.366913, 0.636279
0.0695955, 0.0452107, 0.0369703, 0.0806066, 0.0309624, 0.0111066, 0.00132307, 0.247147
0.157209, 0.140131, 0.118573, 0.147235, 0.0709922, 0.125104, 0.115472, 0.0527856
0.000647258, 0.00971339, 0.0252598, 0.00538596, 0.0530171, 0.0389753, 0.00029247, 0.126673
0.0335206, 0.0365925, 0.00792029, 0.00887404, 0.0446964, 0.00359512, 0.017624, 0.088238
0.0543169, 0.449018, 0.0570947, 0.126139, 0.0906807, 2.62357e-05, 0.293604, 0.471688
0.0249738, 0.0243801, 0.0250093, 0.0286317, 0.0669298, 0.0323972, 0.0621303, 0.0163859
0.465629, 0.472729, 0.562679, 0.371463, 0.544162, 2.50024, 2.00425, 1.34301
0.101869, 0.0863613, 0.00572283, 0.0438097, 0.175638, 0.0149494, 0.00715846, 0.200803
0.4563, 0.424259, 0.453072, 0.390874, 0.800099, 0.340798, 2.40559, 1.59743
0.0105735, 0.00215908, 0.0175499, 0.0030951, 0.0857381, 0.0270709, 0.0575221, 0.260929
2.66508, 1.8248, 1.97135, 2.5735, 2.66689, 1.97703, 4.84045, 7.28395
0.59145, 0.297106, 0.121874, 0.743729, 0.151926, 0.250289, 0.812409, 0.445771
1.31167, 0.617526, 0.81433, 0.840475, 1.72406, 0.546903, 0.00822292, 0.0140317
0.498997, 0.502691, 0.390318, 0.542462, 0.435888, 0.48708, 0.0064354, 0.00711646
0.00151371, 0.309681, 0.010773, 0.00125582, 0.596732, 0.0646525, 5.22342, 8.79059
0.00155547, 8.34801e-08, 0.0438403, 0.000375501, 0.00801558, 0.168999, 0.807923, 0.939081
0.160955, 0.151403, 0.206343, 0.211556, 0.170485, 0.164209, 0.251291, 0.188821
0.824344, 0.809907, 0.796868, 0.836151, 0.874745, 0.707839, 0.648663, 0.660581
0.602644, 0.485772, 0.555263, 0.613588, 0.840032, 0.427777, 5.19441, 3.99222
0.342333, 0.0109765, 0.345095, 0.265412, 0.121379, 0.317371, 0.236818, 0.731228
0.000801819, 0.0328664, 0.000693069, 0.0151542, 0.0531313, 0.0161534, 0.0302099, 0.153486
0.593988, 0.681759, 0.299449, 0.773038, 0.52669, 0.30929, 3.80767, 5.99044
0.483425, 0.560876, 0.221704, 0.513449, 0.503095, 0.972879, 1.30561, 1.46155
0.0297294, 0.0409148, 0.0507048, 0.0489115, 0.0603222, 0.0592472, 0.00135971, 0.0747498
0.449869, 0.437696, 0.445679, 0.391672, 0.592864, 0.550758, 0.0703239, 0.123036
0.339586, 0.341299, 0.276723, 0.280473, 0.291496, 0.368747, 2.42168, 2.3611
0.181591, 0.0373094, 0.169113, 0.0953538, 0.0430913, 0.324354, 0.83185, 0.147153
0.675814, 0.691923, 0.715261, 0.749441, 0.927018, 0.531147, 0.00290066, 0.58326
0.0708268, 0.0630504, 0.0621575, 0.0430367, 0.0501894, 0.0733169, 0.841589, 0.466538
1.28803, 1.6421, 1.29857, 1.50279, 2.02933, 1.30953, 2.8172, 4.78451
2.3762e-05, 0.00341258, 0.0174678, 0.0107279, 0.0151376, 0.013782, 0.13654, 0.186552
0.688013, 0.674118, 0.560082, 0.570994, 0.499222, 0.540644, 0.895127, 1.71586
0.122499, 0.395126, 0.117951, 0.148911, 0.247856, 0.0013613, 0.0765742, 0.109866
0.512361, 0.521212, 0.494025, 0.448333, 0.363418, 0.167771, 0.596599, 0.623936
0.0394324, 0.035938, 0.0415609, 0.00815607, 0.0204285, 0.0150911, 0.000251661, 0.0119251
1.56077, 1.65675, 1.59794, 1.8093, 0.811479, 1.55546, 0.650747, 2.09024
0.0908099, 0.136266, 0.164364, 0.177397, 0.0213519, 0.032237, 0.047011, 0.0381024
0.0872625, 0.164608, 0.088588, 0.112265, 0.142668, 0.149814, 0.652816, 0.421408
0.473279, 0.267043, 0.332627, 0.372717, 0.146691, 0.167716, 0.00861587, 0.303628
0.193015, 0.198931, 0.141812, 0.194269, 0.28048, 0.163133, 0.0865947, 0.0148462
0.0721701, 0.139037, 0.140665, 0.110196, 0.0828077, 0.129754, 0.00103264, 0.00876408
0.00216635, 0.069562, 0.0817051, 1.68104e-05, 0.0678654, 0.376682, 0.216245, 0.379685
0.430505, 0.650768, 0.451671, 0.425088, 0.697949, 0.384095, 1.45305, 3.32049
0.210048, 0.274979, 0.653536, 0.319227, 0.366617, 0.0655057, 0.155226, 0.266709
0.962308, 1.21771, 0.923088, 1.32142, 0.575383, 1.15433, 3.26706, 3.83594
0.00298876, 0.00372333, 3.11014e-06, 0.000680685, 0.000174389, 0.0043705, 0.479822, 0.634855
0.592464, 0.874323, 0.546781, 0.439959, 0.882259, 3.16757, 4.30319, 3.54238
0.0669875, 0.00553341, 1.28824e-06, 0.0284523, 0.00311846, 7.35949e-06, 0.322299, 0.106832
0.0115155, 0.0218714, 0.0124329, 0.00817024, 0.0188126, 0.00717509, 0.241862, 0.0272102
0.00927316, 0.0209325, 0.0314382, 0.0154706, 0.0197254, 0.0273239, 0.00799149, 0.294888
0.488184, 0.463828, 0.472726, 0.393965, 0.35103, 0.336159, 0.68072, 1.53295
0.674838, 0.925665, 0.634882, 0.94783, 0.283147, 1.37767, 0.80034, 1.86513
0.111681, 0.0988088, 0.104763, 0.111807, 0.0826528, 0.0632954, 3.69581, 2.84818
1.79103, 1.78374, 1.2727, 2.1363, 1.32137, 0.0423247, 3.77504, 4.48575
0.0144872, 0.0195895, 0.0154268, 0.0249196, 0.00838843, 0.000854918, 1.5716, 0.554593
2.68416, 2.95924, 2.44968, 2.70201, 2.91502, 2.39489, 1.47385, 2.28563
0.185293, 0.249437, 0.0532027, 0.18279, 0.065195, 0.0783478, 1.57626, 2.95261
0.333854, 0.387655, 0.402305, 0.368182, 0.373349, 0.448704, 0.476532, 0.00024548
0.0337307, 0.015653, 0.0321301, 0.0141315, 0.0768526, 0.0152437, 0.204676, 0.446931
0.861121, 1.39682, 0.840982, 0.997169, 0.369556, 0.721127, 0.15127, 0.346989
0.105477, 0.0931312, 0.10822, 0.108535, 0.0444595, 0.127996, 0.0398237, 0.586251
0.0922247, 0.0472971, 0.0117136, 0.0861922, 0.136711, 0.0406546, 0.150216, 0.681106
0.653248, 1.70032, 1.54769, 0.788169, 0.703882, 0.365945, 0.538601, 2.93425
0.121552, 0.0203993, 0.181039, 0.0879829, 0.0265799, 0.150249, 0.247373, 0.442762
0.351401, 0.158605, 0.232249, 0.276509, 0.182226, 0.240153, 0.496443, 0.180367
0.217029, 0.275488, 0.0455316, 0.185789, 0.259429, 0.00293589, 0.415925, 0.630167
0.00692105, 0.0198308, 0.00587826, 0.00662628, 0.0405208, 0.00208809, 0.0227163, 0.291423
1.37448, 1.66686, 1.02988, 1.41606, 1.32863, 0.581198, 1.0112, 0.850207
0.0346291, 0.0707353, 0.0519488, 0.0622251, 0.0397619, 0.0181403, 0.0506328, 0.294473
0.278747, 0.418482, 0.433349, 0.216014, 0.564122, 0.649266, 0.732546, 0.17427
0.151862, 0.0648565, 0.0596569, 0.112823, 0.110086, 0.17241, 0.280557, 0.235409
0.0004492, 0.00376737, 0.243963, 0.000179879, 0.0174859, 0.440296, 0.163354, 0.189182
0.45942, 0.450864, 0.476702, 0.397793, 0.362557, 0.583673, 0.0919843, 0.151338
0.159469, 0.349138, 0.284737, 0.32302, 1.35035, 0.454889, 1.13197, 1.18406
0.0076456, 0.000544896, 0.000581088, 0.00459472, 0.0174168, 0.0348419, 4.28602, 5.68127
2.29777, 2.2307, 2.20857, 2.18792, 2.05012, 1.94264, 1.60304, 0.556613
0.137853, 0.137359, 0.134908, 0.136521, 0.0742491, 0.0365862, 0.524343, 0.0513848
0.202938, 0.368064, 0.613243, 0.139291, 0.704058, 0.325391, 0.0806277, 0.0772823
0.0640967, 0.0335617, 0.0641202, 0.00718924, 0.0650686, 0.0236883, 1.80075, 1.33225
0.501424, 0.312473, 0.118466, 0.357873, 2.22683, 0.497584, 2.74779, 0.750348
0.00156685, 0.0384659, 0.00251068, 0.000867275, 0.0355583, 0.0315596, 0.172611, 1.05199
5.48991e-06, 0.00164271, 0.0416053, 4.75089e-05, 0.00164942, 0.094052, 0.172843, 0.319099
0.0411062, 0.0362521, 0.0259491, 0.0455687, 0.0514453, 0.0278784, 0.550422, 0.547552
0.845364, 0.919357, 0.62019, 0.795581, 0.245489, 0.74142, 0.2681, 0.135778
0.110619, 0.0157951, 0.0779925, 0.129262, 0.0120603, 0.00112705, 1.16135, 1.03332
0.0145208, 0.0272218, 0.104152, 0.0121748, 0.0212307, 0.0858142, 2.34102, 0.51524
0.265049, 0.258679, 0.289938, 0.202218, 0.34109, 0.286896, 0.395692, 0.135149
0.368254, 0.373796, 0.428067, 0.43746, 0.166809, 0.510335, 0.0247759, 0.2622
0.43154, 0.147064, 0.437965, 0.399322, 0.231116, 0.262745, 0.34812, 0.783665
1.46151, 1.37684, 0.919198, 1.04509, 1.01656, 0.638581, 3.66948, 3.19789
0.29162, 0.354658, 0.398288, 0.311921, 0.373603, 0.435731, 0.149534, 0.329277
0.18605, 0.188595, 0.168987, 0.19477, 0.138957, 0.153129, 0.409974, 0.467515
0.0989355, 0.166972, 0.0887522, 0.204151, 0.292266, 0.0096133, 0.048787, 0.191945
0.0592725, 0.0582487, 0.0637796, 0.0576649, 0.0358753, 0.067306, 0.755757, 0.374653
0.0591872, 0.0281922, 0.0387995, 0.0376666, 0.0966016, 0.000343439, 0.0457001, 0.558283
0.00233337, 0.014351, 0.0364135, 0.00224563, 0.0093478, 0.0141783, 0.0222548, 0.0552636
0.153924, 0.163746, 0.114698, 0.102821, 0.0649852, 0.161737, 0.549981, 0.633238
0.00472766, 0.00136406, 0.00511054, 0.00096302, 0.00443865, 0.00288992, 0.280534, 1.29846
0.430379, 0.462853, 0.084609, 0.523427, 0.174779, 0.378711, 0.752695, 0.349518
0.00765409, 0.0138607, 0.017068, 0.0272585, 0.00483123, 0.00136655, 0.0426571, 0.760116
1.15935, 0.543374, 0.356915, 1.15271, 0.591714, 0.267427, 2.42229, 3.40995
0.716242, 1.16369, 0.81207, 0.804936, 0.423532, 0.655886, 2.92636, 3.75732
0.371948, 0.503447, 0.435954, 0.492736, 0.305569, 0.588627, 0.623199, 0.646196
0.00327984, 0.0203542, 0.00328041, 0.00163772, 0.00446688, 0.00163804, 0.00629067, 0.0207088
0.00121217, 0.00105871, 5.85765e-05, 0.000550739, 0.0898645, 0.0998977, 0.0314687, 0.476324
0.010076, 7.60723e-05, 0.00137928, 0.00108495, 0.00336112, 0.0635068, 0.082627, 0.0982364
0.312025, 0.44543, 0.420689, 0.461115, 0.210764, 0.388455, 0.409703, 1.02184
0.00207066, 0.00524333, 0.00755797, 0.000209192, 0.00831269, 0.0867783, 0.334287, 0.740929
0.00880028, 0.00693517, 0.00621277, 0.00189248, 0.000268167, 0.00190458, 0.77302, 1.01478
0.0349719, 0.0338212, 0.194352, 0.00179976, 0.0673802, 0.0076255, 0.0136072, 0.0584316
0.000113622, 0.00777064, 7.80297e-05, 1.79539e-05, 8.452e-05, 0.00870468, 0.318022, 0.340258
1.15445, 1.53369, 0.488091, 1.40346, 1.94964, 0.398787, 3.36251, 2.47483
0.750363, 0.66656, 0.741087, 0.848313, 1.35378, 0.753498, 3.2888, 4.7044
0.0289872, 0.0357547, 0.0414644, 0.0944685, 0.0175066, 0.10129, 0.880284, 0.413443
0.279971, 0.349194, 0.286658, 0.287348, 0.272103, 0.298483, 0.148714, 0.0816872
0.0195842, 0.027991, 0.0816054, 0.0392508, 0.0427662, 0.0240793, 0.0251977, 0.155912
0.303358, 0.00702321, 0.0700039, 0.412762, 0.000388117, 0.0333315, 1.35981, 1.11536
0.0814873, 0.164601, 0.208652, 0.063505, 0.360667, 0.087435, 0.101102, 0.232869
0.0215839, 0.0302235, 0.0171409, 0.033527, 0.00655781, 0.00252636, 0.32418, 0.00766863
0.14149, 0.319406, 0.00101887, 0.116475, 0.155672, 0.0022486, 0.67989, 0.146137
3.03734, 1.27327, 1.31113, 2.84603, 1.2162, 2.38692, 1.56496, 2.08206
0.0316005, 0.00724004, 0.0316437, 0.000758012, 0.00352923, 0.00490459, 0.107709, 0.656471
0.363006, 0.315764, 0.173864, 0.238248, 0.415221, 0.195623, 0.617356, 0.0857401
0.0027048, 0.000647542, 0.00227447, 0.000378734, 0.0068346, 0.00198565, 0.00254016, 0.00232618
0.0736692, 0.174733, 0.158441, 0.17785, 0.193475, 0.135587, 0.0199068, 0.115183
0.349707, 0.0435035, 0.349976, 0.257261, 0.496995, 0.288669, 0.0205919, 0.018524
0.343647, 0.336349, 0.260494, 0.323741, 0.329275, 0.0848297, 0.0567386, 0.0123849
0.00672785, 0.00272911, 0.000103407, 9.2446e-05, 0.0409562, 0.0052303, 5.19588, 4.36394
0.574875, 0.565557, 0.376824, 0.654468, 0.557921, 0.685075, 2.67091, 3.62792
0.880537, 1.23781, 0.887413, 1.44945, 0.504718, 0.77464, 2.37577, 4.134
1.19229, 0.262613, 1.07518, 1.12715, 0.174432, 0.723706, 0.324801, 0.406383
0.307983, 0.294727, 0.331985, 0.265891, 0.305556, 0.327898, 0.0922096, 8.38383e-05
0.495372, 0.488185, 0.0629577, 0.330601, 0.723747, 0.0657474, 1.25006, 0.956275
0.0189741, 0.0200301, 0.000124529, 0.0249194, 1.28547, 0.0798867, 0.62637, 2.43772
1.55676, 1.20759, 0.00385163, 1.44694, 1.6131, 0.245999, 0.846475, 4.36883
0.349862, 0.37766, 0.358236, 0.40687, 0.484039, 0.273434, 3.22142, 3.44618
0.0713286, 0.055312, 0.00482307, 0.0591943, 0.154951, 0.00204918, 0.215371, 0.535578
0.174581, 0.0768294, 0.189651, 0.134089, 0.0445145, 0.231331, 0.239446, 0.234375
0.509126, 0.323862, 0.514962, 0.407244, 1.79207, 0.589053, 0.391285, 0.301356
0.0138827, 0.0157312, 0.013573, 0.0218621, 0.0146717, 0.0147766, 0.539814, 0.0977208
1.45896, 1.48076, 1.46913, 1.57016, 1.47356, 1.42421, 0.550251, 1.38736
0.0619668, 0.054358, 0.089765, 0.0347718, 0.0569419, 0.0932303, 0.397003, 0.0241974
0.00729953, 0.00154932, 0.000152777, 1.53571e-07, 0.0215373, 0.112525, 1.13787, 1.63504
0.231714, 0.0214986, 0.0347511, 0.228698, 0.136965, 0.151228, 0.0258415, 0.0103448
0.0638922, 0.0891248, 0.13996, 0.0875898, 0.00243601, 0.0402515, 0.753191, 0.899071
0.0185962, 0.0679286, 0.00719487, 0.0150859, 0.626756, 0.063618, 0.175533, 0.118538
0.761372, 0.998597, 0.860318, 0.810687, 2.41528, 4.02209, 2.63158, 5.14855
1.52069, 1.64997, 1.69943, 1.44774, 1.14454, 1.74444, 2.47915, 0.640421
0.0434308, 0.0502155, 0.0618976, 0.0555278, 0.0751704, 0.0501697, 0.304769, 0.0384293
0.127744, 0.163995, 0.124973, 0.0755187, 0.055024, 0.241294, 0.901973, 1.18963
0.0634914, 0.00310773, 0.0213777, 0.0283661, 0.00205191, 0.0132908, 0.251458, 0.143674
0.998741, 1.00041, 1.01092, 1.05356, 1.00543, 0.934769, 0.775745, 0.409215
5.29757, 5.77323, 4.97732, 5.78133, 5.77994, 3.66199, 5.26558, 7.27235
0.103562, 0.20624, 0.27685, 0.197619, 0.0561154, 0.135089, 0.55774, 1.08894
0.0102687, 0.0122708, 0.00799171, 0.00195687, 0.0136173, 0.0353131, 0.199263, 9.65807e-06
0.27903, 0.190903, 0.167704, 0.118648, 0.295805, 0.523603, 5.95762, 4.07384
0.711273, 0.589828, 0.6381, 0.626921, 0.577409, 0.573628, 0.886754, 1.79631
3.16288, 3.84794, 2.77212, 3.8186, 2.5542, 1.60074, 3.51146, 4.51842
1.22109, 1.49141, 1.1962, 1.10893, 1.34244, 0.122161, 0.459105, 1.13532
0.964627, 1.11244, 0.134559, 0.917554, 1.484, 8.74906e-05, 0.00562993, 0.524335
0.0324499, 0.0208833, 0.0156994, 0.0147925, 0.0211653, 0.0211449, 0.444696, 0.183249
0.334387, 0.333205, 0.398337, 0.383724, 0.318929, 0.0444374, 0.0356062, 0.0668437
0.00795821, 0.122337, 0.0113442, 0.0454327, 0.0551103, 0.0530125, 0.267362, 0.221697
0.678829, 1.82023, 1.33006, 1.06777, 1.02071, 0.239489, 2.5891, 3.2249
2.51002, 2.64257, 2.42843, 2.8435, 1.89675, 1.04883, 3.12819, 2.76513
0.102908, 0.113131, 0.0713024, 0.173364, 0.111621, 0.0723613, 0.311119, 0.298155
0.041893, 0.165868, 0.0686587, 1.15281e-05, 0.0540349, 0.0452333, 0.735989, 1.58415
0.187288, 0.163198, 0.266378, 0.254181, 0.0616364, 0.0879225, 0.0758709, 0.0176854
0.141085, 0.160686, 0.146588, 0.197425, 0.199445, 0.147996, 1.36253, 1.67957
0.654569, 0.651659, 0.653808, 0.677972, 0.430032, 0.242131, 0.158837, 0.648027
0.155819, 0.16179, 0.161377, 0.273731, 0.261602, 0.244146, 1.45174, 0.939115
0.0258254, 0.0172087, 0.13132, 0.118112, 0.100989, 0.475713, 0.994956, 1.49305
0.0562831, 0.134835, 0.0909244, 0.0565898, 0.181097, 0.176578, 0.156406, 0.423211
1.61585, 3.11205, 1.65551, 1.95409, 0.3096, 1.26218, 0.727463, 2.81268
0.0203865, 0.0137978, 0.00115353, 0.00585185, 0.0217065, 0.00602268, 0.206116, 0.00809541
0.703285, 0.603638, 0.43979, 0.392709, 0.995277, 0.760478, 2.5796, 1.74444
0.157888, 0.143969, 0.144156, 0.188607, 0.23587, 0.259361, 1.29024, 1.66453
0.0465713, 0.00169583, 0.0449257, 0.0176062, 0.00361061, 0.077871, 1.44913, 0.0371571
0.065541, 0.0449116, 0.0687687, 0.0148251, 0.221316, 1.12347, 7.42226, 6.9775
0.122346, 0.0713418, 0.0684727, 0.117631, 0.0266957, 0.0072736, 1.68811, 1.7714
0.0700522, 0.0473922, 0.00106331, 0.0325941, 0.00393245, 0.0316887, 0.0932281, 0.0951995
0.064898, 0.0776629, 0.221164, 0.215465, 0.0290521, 0.294577, 0.00980884, 0.128126
0.112276, 0.0907556, 0.0559868, 0.0751806, 0.18063, 0.110179, 0.322441, 0.0289336
1.37611, 2.14955, 1.37612, 1.74047, 2.06192, 1.74048, 2.96862, 2.36381
0.112578, 0.155998, 0.0768284, 0.176453, 0.420905, 0.0493516, 0.20795, 0.924966
0.241069, 0.22707, 0.129091, 0.278579, 0.169035, 0.0758889, 0.679569, 1.65113
0.523058, 1.05729, 0.595256, 0.877529, 0.0919735, 0.389119, 1.13817, 1.74824
0.539592, 0.0417353, 0.0394478, 0.613584, 0.0676601, 0.837435, 3.6716, 3.60151
0.0382691, 0.0406905, 0.0644693, 0.0286435, 0.0288217, 0.310971, 0.318397, 0.893807
0.187011, 0.1543, 0.150257, 0.207316, 0.143675, 0.141497, 0.166254, 0.528042
3.12096, 0.818972, 0.657695, 2.54817, 1.16228, 0.533776, 5.3239, 5.11846
0.119738, 0.104945, 0.0742793, 0.0855705, 0.144315, 0.130116, 0.00646666, 0.00217441
0.0959139, 0.124961, 0.0838924, 0.120404, 0.489846, 0.0619367, 0.662399, 0.757435
0.487279, 0.365922, 0.484399, 0.393412, 0.372589, 0.377587, 0.182461, 0.0119452
0.356513, 0.339459, 0.366553, 0.19596, 0.0274786, 0.128892, 0.406637, 0.111355
0.0436554, 0.0280975, 0.078268, 0.0280285, 0.0264418, 0.0413228, 0.366599, 0.195854
0.0061007, 0.0506209, 0.0485881, 0.00349236, 0.225217, 0.0446539, 0.198264, 0.000174731
0.728666, 0.716456, 0.728093, 0.634887, 3.17303, 0.669991, 3.04643, 3.19113
0.232529, 0.0919961, 0.142328, 0.164459, 0.12008, 0.00730342, 1.29233, 1.30197
0.02391, 0.0219617, 0.00925745, 8.99503e-05, 0.00144533, 0.0293525, 0.838345, 1.47155
0.0546229, 0.0703044, 0.0195728, 0.0674798, 0.0902454, 0.000300569, 0.0509239, 0.236177
0.115531, 0.22499, 0.159933, 0.166831, 0.11971, 0.017492, 0.0379255, 0.033223
0.00142926, 3.11125e-06, 0.00242275, 3.5383e-06, 0.196847, 0.0145398, 0.137099, 0.132222
0.107747, 0.174558, 0.121313, 0.142219, 0.241719, 0.079715, 0.122073, 0.115209
0.046649, 0.0237586, 0.0109557, 0.0885485, 0.0371026, 0.338862, 0.141604, 0.0277368
0.0459689, 0.0371044, 0.0703017, 0.0496306, 0.12534, 0.0262776, 0.499156, 0.538422
2.67735, 3.14947, 2.40862, 2.87219, 3.16903, 3.42824, 2.25768, 2.72643
0.210348, 0.178831, 0.191254, 0.159425, 0.117196, 0.293962, 0.746072, 1.05007
0.4512, 0.437697, 0.62006, 0.506984, 0.190159, 0.827741, 0.332625, 0.0761279
0.984675, 0.855997, 0.582476, 0.843401, 0.980403, 0.625566, 0.0927037, 0.00226566
0.0111452, 0.025426, 1.38509e-06, 0.0173365, 0.0179236, 0.000477197, 0.481082, 0.744932
0.069623, 0.0374266, 0.19432, 0.0365415, 0.133888, 0.271359, 0.274081, 0.243854
1.12832, 0.434169, 0.324511, 0.78364, 1.3026, 0.153461, 2.095, 3.09384
0.0297631, 0.121939, 0.00294552, 0.0243385, 0.133891, 0.385967, 0.338464, 0.865511
0.126664, 0.134389, 0.152963, 0.219422, 0.103982, 0.0950441, 1.2157, 1.45359
0.0213281, 0.00280387, 0.0122517, 0.0165676, 0.0224733, 0.0165209, 0.0679679, 0.290055
0.402444, 0.213184, 0.637241, 0.349203, 1.47445, 0.566992, 1.10091, 0.410509
2.23926, 2.34357, 2.23923, 2.44726, 1.61968, 2.44721, 2.36646, 3.80101
0.388714, 1.60505, 0.382773, 0.263862, 1.95612, 0.316539, 0.0249017, 0.0190017
0.0469702, 0.0296184, 0.00096526, 0.0379477, 0.0313826, 0.134107, 0.155314, 0.0452612
2.75727, 2.27087, 2.75725, 2.33304, 2.43772, 2.33303, 1.75404, 2.10501
0.590773, 0.855644, 0.486441, 0.880134, 0.458635, 0.607764, 0.101418, 0.515374
0.0209489, 0.0257137, 0.0214248, 0.0230336, 0.00975613, 0.00951175, 0.212191, 0.413897
0.0150382, 0.0280405, 0.0223828, 0.0232537, 0.0626683, 0.0107118, 0.432459, 0.138208
0.603764, 0.580529, 0.374735, 0.581398, 0.734776, 0.20821, 3.34402, 4.21105
0.116444, 0.01387, 0.0682945, 0.142218, 0.00735618, 0.0966548, 0.2635, 0.160903
0.154879, 0.0932653, 0.0862415, 0.127417, 0.0187946, 0.0299693, 1.14852, 1.27387
2.72315, 2.70806, 2.698, 2.59133, 2.91675, 2.99363, 1.63794, 1.50305
0.552816, 0.537989, 0.0573273, 0.619488, 0.496278, 2.62086e-05, 1.59531, 1.67168
0.858503, 0.890956, 1.01154, 1.12836, 0.871765, 0.99467, 0.202618, 0.295205
0.0225317, 0.0223274, 0.0475313, 0.0234079, 0.0025288, 0.275716, 1.52723, 3.24636
1.12671, 1.06965, 0.994553, 1.15955, 0.988586, 1.43539, 0.104277, 0.169789
0.0174847, 0.0253263, 0.0220485, 0.000553363, 0.00756265, 0.0026245, 0.283532, 0.0610967
1.00916, 1.17967, 1.1324, 0.893216, 1.11103, 1.1347, 1.34964, 0.313945
1.81806, 2.70008, 1.86516, 2.33838, 2.17263, 1.58102, 6.52769, 6.4501
0.271434, 0.272121, 0.1116, 0.229358, 0.226486, 0.623197, 1.71574, 2.16307
0.127726, 0.180737, 0.108677, 0.154763, 0.157253, 0.487065, 0.582099, 1.11348
0.0705559, 0.0723506, 0.0750311, 0.044514, 0.266688, 0.0311159, 0.010018, 0.0337299
0.00376179, 0.0123924, 0.00246781, 0.00305881, 0.00483213, 0.00110912, 0.00307937, 6.27502e-05
0.13734, 0.617115, 0.196044, 0.399585, 1.44304, 0.00169602, 0.0015819, 0.0104693
1.58593, 1.51841, 1.44367, 1.3203, 0.917092, 1.5921, 0.0305276, 0.370117
0.00335412, 0.0329383, 0.000208759, 0.018393, 0.0120346, 3.06811e-05, 0.327465, 0.856243
0.166738, 0.172995, 0.0615068, 0.11326, 0.205272, 0.480134, 0.386928, 0.327332
0.852989, 0.669185, 0.85714, 0.771815, 0.555783, 0.863669, 0.0668257, 0.0655194
0.183637, 0.0977056, 0.0123996, 0.176926, 0.474478, 0.471746, 3.90751, 6.37355
0.519096, 0.626596, 0.504632, 0.646409, 0.574712, 0.301024, 2.44672, 1.37815
0.0657795, 0.000229718, 0.0219198, 0.023058, 0.00129995, 0.0431424, 0.00987986, 0.0249279
0.144465, 0.194523, 0.144477, 0.151446, 0.306506, 0.15146, 0.0638945, 0.14472
0.279513, 0.539145, 0.464591, 0.462067, 0.689245, 0.0986388, 0.0882647, 0.403486
0.242436, 0.580867, 0.191094, 0.307427, 0.56692, 0.0791657, 1.53112, 1.30014
0.149622, 0.146699, 0.156635, 0.172976, 0.378211, 0.0540406, 1.05343, 1.03787
0.341646, 0.344237, 0.415659, 0.45997, 0.28356, 0.567049, 0.0587477, 0.000388558
0.341211, 0.333806, 0.198385, 0.311937, 0.248415, 0.335448, 0.0246801, 0.276203
0.282569, 0.397627, 0.00702964, 0.332001, 0.324369, 0.00693566, 0.299899, 0.534207
0.0119921, 0.0158526, 5.94342e-06, 0.00375023, 0.33307, 3.3279e-06, 0.743641, 1.06825
0.0492939, 0.401235, 0.176078, 0.0919089, 0.0809035, 0.218494, 0.0204324, 0.145433
0.285062, 0.25255, 0.276918, 0.27131, 0.63673, 0.377436, 0.305101, 0.214019
2.03617, 2.44202, 2.10234, 2.16179, 0.943624, 1.63418, 5.25427, 4.72949
2.45874, 2.69376, 2.64019, 2.40966, 2.61483, 2.47334, 0.0461807, 0.201368
2.43833, 2.52946, 2.58406, 2.66643, 1.92512, 3.226, 1.00439, 1.88105
0.347673, 0.607567, 0.424891, 0.52954, 0.453132, 0.493816, 1.1969, 2.0641
0.602028, 0.563271, 0.188297, 0.825958, 0.0688996, 0.112028, 0.0435631, 0.207527
0.0117779, 0.0143539, 0.000189281, 0.000643832, 0.00882984, 0.0678092, 0.285569, 0.465448
0.0968116, 0.0735948, 0.120363, 0.0457121, 0.287407, 0.281577, 0.249712, 0.0341136
4.91328e-05, 0.0188763, 1.40231e-05, 0.000193898, 0.0264085, 0.000555076, 0.928385, 0.47774
0.229319, 0.0532065, 0.0584184, 0.196532, 0.0396063, 0.0988628, 0.735741, 1.78587
0.0119006, 0.0125019, 0.0191751, 0.0152942, 0.124439, 0.00785574, 1.77494, 1.55657
0.0440019, 0.0579812, 0.0593051, 0.0419209, 0.077688, 0.0676321, 0.0696306, 0.00313287
2.98627, 3.41178, 3.02431, 3.49045, 1.29612, 3.41021, 0.000595843, 0.00762426
0.281128, 0.683164, 0.489086, 0.450492, 0.641271, 0.201881, 0.990574, 1.10275
0.0162868, 0.00998228, 0.014718, 0.0693082, 0.528267, 0.0148521, 0.320757, 0.496179
0.151446, 0.0492546, 0.241052, 0.135244, 0.00899368, 0.196472, 0.0547301, 0.101348
0.472445, 0.559218, 0.469983, 0.569886, 0.188103, 0.112535, 0.351003, 0.0355139
0.0252946, 0.0598556, 0.02994, 0.0240141, 0.0377948, 0.0313219, 0.11815, 0.0156159
0.900654, 0.909221, 1.03503, 0.923584, 0.934913, 0.732422, 0.222037, 0.00173909
0.0818275, 0.142415, 0.237857, 0.132713, 0.251156, 0.0315294, 0.0886877, 0.747655
0.146846, 0.00186284, 0.0131552, 0.1572, 0.00732625, 0.0595081, 0.0323878, 0.0835574
1.84668, 1.83077, 1.84342, 1.80559, 2.0262, 1.32961, 3.14245, 3.23049
0.212536, 8.9521e-05, 0.00138006, 0.098682, 0.109922, 0.00422141, 0.593461, 0.647502
0.0301822, 0.00649914, 0.0193461, 0.0352075, 0.105935, 0.0535087, 0.347455, 0.00592898
0.126729, 0.220358, 0.129253, 0.142489, 0.471644, 0.299694, 0.0890434, 0.209391
0.721634, 0.442673, 0.629461, 0.615197, 0.593354, 1.58759, 3.1037, 1.69226
0.0102015, 0.0486847, 0.07398, 0.00472804, 0.0821179, 0.0691938, 0.547624, 0.583136
0.116876, 0.0394132, 0.310953, 0.0780404, 0.309106, 0.307608, 0.0390334, 2.22381e-07
0.00601963, 0.00158753, 0.00358526, 1.77616e-05, 0.000704334, 0.148034, 2.23694, 3.03311
0.543724, 0.507069, 0.670876, 0.421992, 0.560805, 0.702382, 0.225076, 0.647589
0.363625, 0.600525, 0.333439, 0.505836, 0.3778, 0.119191, 0.701905, 1.4526
0.0470365, 0.0255544, 0.00138866, 0.0218286, 0.019841, 0.0209797, 0.563398, 0.926158
0.0171661, 0.0140147, 0.00800037, 0.0064988, 0.0322807, 0.0106992, 0.2642, 0.104828
0.162694, 0.0883363, 0.133974, 0.102578, 0.160823, 0.0322293, 1.72714, 3.44728
0.177077, 0.283368, 0.181193, 0.240936, 0.349541, 0.0372419, 1.25653, 2.65794
0.198158, 0.240262, 0.19772, 0.237066, 0.519864, 0.237487, 4.09767, 1.08818
0.148513, 0.0741766, 0.109358, 0.106929, 0.0909349, 0.00851692, 1.26813, 1.16281
0.313825, 0.400257, 0.467662, 0.386729, 0.278041, 0.473512, 0.118017, 0.0402667
0.441982, 0.388092, 0.408478, 0.479178, 0.726785, 0.101616, 2.12357, 3.15704
2.34041, 3.20282, 0.996511, 2.63508, 1.7409, 1.43281, 1.41347, 1.56523
0.155643, 0.122978, 0.15605, 0.140083, 0.19395, 0.160269, 1.00859, 0.954377
0.0846996, 0.101517, 0.0745014, 0.0792588, 0.214709, 0.0824238, 0.000606947, 0.10555
1.30566, 1.40359, 1.35402, 1.32711, 1.40075, 1.36014, 0.289575, 0.776798
0.0428829, 0.0540379, 0.0408117, 0.0185724, 0.173382, 0.0508087, 0.290262, 0.0994065
0.137214, 0.174624, 0.0480801, 0.230793, 0.369134, 0.0155867, 0.841548, 0.701959
0.0444239, 0.281793, 0.0623833, 0.0358505, 0.867049, 0.0117112, 0.413455, 1.55608
0.311354, 0.254676, 0.26113, 0.249713, 0.351123, 0.23842, 0.413251, 0.326473
0.172171, 0.178056, 0.232188, 0.200183, 0.402381, 0.265006, 0.50872, 1.79528
0.250426, 0.172978, 0.205163, 0.225489, 0.598738, 0.0704986, 0.183881, 0.19802
1.80793, 1.55491, 1.80768, 1.78153, 0.684517, 1.76996, 0.301329, 0.0033366
0.293325, 0.285672, 0.226049, 0.178766, 0.553977, 0.256312, 0.318163, 0.0222953
0.451837, 0.732884, 0.417865, 0.563871, 0.531643, 0.310609, 0.495116, 0.115383
0.332861, 0.148328, 0.332835, 0.235405, 0.19762, 0.260372, 0.135453, 0.0944797
0.00176388, 0.0876376, 0.000433829, 0.00824059, 0.011736, 0.00902151, 0.263232, 0.0813448
1.21021, 0.812429, 0.590242, 1.27878, 1.62544, 0.514196, 2.97978, 2.7899
0.529062, 0.479342, 0.0255575, 0.441431, 0.791665, 0.567898, 2.53208, 2.05228
0.053458, 0.0531385, 0.0473433, 0.0340862, 0.0541004, 0.069725, 0.0122314, 0.0467322
0.371003, 0.596395, 0.371387, 0.528957, 0.654991, 0.493062, 0.62329, 0.878908
0.505107, 0.399235, 0.328353, 0.523015, 0.610151, 0.458781, 0.600442, 1.61411
0.0188621, 0.0214158, 0.0205824, 0.0266441, 0.0293416, 0.000757916, 0.00964471, 0.318027
0.0173002, 0.0224014, 0.0485915, 0.0275153, 0.0392074, 0.00231065, 0.244562, 0.128621
0.0222122, 0.356219, 0.0969237, 0.0548911, 0.275482, 0.149991, 1.24486, 2.60569
0.0319097, 0.0355923, 0.0576265, 0.0659451, 0.068698, 0.00792004, 0.767352, 0.321677
0.00337275, 0.0182917, 0.00331036, 0.0270383, 0.00700825, 0.000690127, 0.323166, 0.264716
0.344483, 0.489112, 0.535107, 0.46651, 0.157365, 0.769872, 1.44726, 0.672239
0.16587, 0.209575, 0.143465, 0.153963, 0.179175, 0.153192, 1.52428, 1.05305
0.36573, 0.194605, 0.0151912, 0.176547, 0.33105, 0.0353396, 0.142895, 0.338773
0.00190619, 0.00114172, 0.000142308, 0.00458662, 7.04818e-07, 0.00036159, 0.00774421, 0.148626
0.0187756, 0.206864, 0.0420012, 0.0248384, 0.287669, 0.0284495, 0.317287, 0.474906
0.174176, 0.257031, 0.060139, 0.116449, 0.19675, 0.703295, 4.46288, 4.89969
0.262735, 0.237072, 0.211928, 0.243994, 0.500475, 0.185817, 2.10238, 1.8532
0.571955, 0.767928, 0.549875, 0.55693, 1.11214, 0.627101, 2.17424, 1.13004
0.503181, 0.159238, 0.706044, 0.348152, 0.303144, 0.400544, 1.12131, 1.57482
0.485666, 0.430911, 0.433725, 0.514949, 0.693822, 1.09238, 0.430088, 0.367475
0.0321264, 0.0383692, 0.013001, 0.0243046, 0.185762, 0.0611493, 0.0155237, 0.00577802
0.239526, 0.306615, 0.227676, 0.221913, 0.222036, 0.494843, 0.0504321, 0.122716
0.37294, 0.478156, 0.355327, 0.374686, 0.245847, 1.08325, 1.10998, 0.530502
1.58259, 1.53765, 1.38784, 1.65646, 1.45853, 2.74122, 3.20071, 3.82932
0.150685, 0.201921, 0.138806, 0.17715, 0.170528, 0.188437, 0.0565562, 0.00902426
0.082484, 0.00215776, 0.081124, 0.0685856, 0.131362, 0.112093, 3.13571, 4.39234
0.00306848, 0.00150074, 0.000168356, 0.0512571, 0.103334, 0.0658074, 0.055494, 0.420166
0.0757363, 0.0979601, 0.121037, 0.096061, 0.0902006, 0.00263381, 5.82809e-05, 0.0388789
0.487104, 0.340473, 0.478379, 0.452906, 0.392847, 0.427138, 0.00861268, 0.00131771
1.31254, 0.970241, 0.95924, 1.26405, 0.772354, 1.06959, 0.0858997, 0.00325762
0.0679671, 0.460324, 0.104696, 0.093784, 0.420651, 0.0469794, 2.3295, 2.17505
0.00508255, 0.000526561, 0.000186074, 0.00223495, 0.0621648, 6.03879e-05, 0.770533, 0.903383
0.00143062, 0.00179549, 0.000286698, 0.00105373, 0.0102398, 0.00157652, 0.611902, 0.942543
0.578685, 1.07991, 0.630484, 0.851065, 0.850901, 0.67865, 0.628532, 0.335337
0.0479598, 0.126635, 0.150205, 0.126962, 0.134918, 0.0189653, 2.70241, 2.8436
0.11148, 0.0889264, 0.107511, 0.0688899, 0.11288, 0.0222388, 0.305223, 0.0319686
0.113519, 0.00213353, 0.0764339, 0.084402, 0.0905597, 0.278957, 0.0518196, 0.662272
1.08951, 1.41627, 1.02406, 1.56267, 1.35564, 0.852921, 0.64653, 1.09848
0.147431, 0.00695491, 0.149495, 0.188051, 0.0190636, 0.197577, 0.000112114, 0.502378
0.120138, 0.000216864, 0.0621376, 0.10914, 0.355832, 0.826068, 2.44367, 1.01234
0.01782, 0.0638338, 6.45627e-07, 0.00636002, 0.15262, 1.20045, 0.0216231, 0.507161
5.76956e-05, 0.00025751, 0.000310453, 0.00144154, 0.00417148, 0.00332748, 0.400185, 0.366513
0.123018, 0.0922341, 0.0639426, 0.10771, 0.101876, 0.124293, 0.0749385, 0.555384
0.361196, 0.502364, 0.106032, 0.210402, 1.20835, 0.153935, 0.473132, 0.758417
0.265462, 0.478053, 0.37089, 0.417791, 0.00938568, 0.00633272, 0.0576888, 0.0109058
0.338681, 0.379293, 0.35966, 0.349876, 0.186761, 0.329945, 0.393517, 0.0103125
0.00737832, 0.0180827, 0.0108462, 0.0180885, 0.681348, 0.0298692, 0.264839, 1.66172
0.275482, 0.761977, 0.453143, 0.334066, 0.924361, 0.410634, 0.653546, 0.892891
0.0217909, 0.0441212, 0.0139277, 0.017655, 0.0081675, 0.00502706, 0.730292, 1.32172
0.000279876, 0.000271183, 0.00141083, 3.83675e-05, 0.00541661, 0.0463277, 0.307123, 0.383604
0.276872, 0.228151, 0.265699, 0.205889, 0.184543, 0.582007, 0.199559, 0.106856
0.00796963, 0.057731, 0.000457656, 0.00179384, 0.0111854, 0.0293944, 0.0646186, 0.351809
0.311679, 0.247612, 0.427257, 0.247564, 0.325132, 0.288306, 0.818534, 0.0899535
0.0428242, 0.0813007, 0.00661969, 0.0767922, 0.0149372, 0.0103682, 0.247453, 0.225095
0.0192822, 0.0374227, 0.0321347, 0.053144, 0.00176176, 0.121117, 0.209714, 0.160039
0.322047, 0.328771, 0.305884, 0.326681, 0.109639, 0.0294822, 0.932051, 0.30253
0.0247102, 0.0320621, 0.0249878, 0.0227986, 0.015572, 0.0128864, 0.351218, 0.270672
0.421571, 0.292364, 0.0251173, 0.474259, 0.334664, 0.000124948, 0.319808, 1.14528
1.32906, 0.577607, 1.28299, 1.22205, 1.09128, 0.401736, 0.191629, 0.156779
0.257155, 0.159923, 0.0536817, 0.237344, 0.363931, 0.119367, 0.127449, 0.251108
0.00593797, 0.129277, 0.00380047, 0.000283671, 0.148651, 0.0939306, 0.011475, 0.0436464
0.0546127, 0.23864, 0.213262, 0.11395, 0.242255, 0.00819864, 0.287841, 0.438434
0.00094535, 0.00257298, 0.000329455, 0.00439601, 2.08631e-05, 0.0102283, 0.471263, 0.864541
3.06348, 3.23584, 3.06341, 3.5569, 0.0631341, 3.55687, 8.50814, 7.07661
0.551849, 0.575141, 0.665907, 0.625229, 0.617892, 0.0390123, 2.71143, 2.74866
0.275713, 0.820357, 0.290248, 0.325096, 0.845983, 0.155833, 0.0121791, 0.0511579
0.79251, 2.44261, 0.716132, 1.08766, 0.898585, 0.567359, 4.50509, 3.80668
0.0178278, 0.00186694, 0.0569848, 0.0710212, 0.0303492, 0.0155795, 0.155335, 0.0489063
0.0839085, 0.0537409, 0.122682, 0.113024, 0.0347148, 0.0452134, 0.0160088, 0.139324
0.0683077, 0.0156971, 0.0652742, 0.0086638, 0.0058242, 0.056932, 0.252631, 0.223661
0.149851, 0.0867364, 0.69284, 0.0488414, 0.146875, 0.419297, 3.74309, 6.17661
0.195435, 0.322841, 0.142514, 0.207395, 0.581092, 0.206968, 0.256013, 0.756141
2.61326, 2.66353, 2.57368, 3.16047, 2.89715, 0.376617, 2.39052, 2.84759
2.07991, 0.684554, 0.00725978, 2.0555, 0.345212, 0.249298, 2.34612, 2.06954
0.061656, 0.0670089, 0.0434218, 0.0401138, 0.0769747, 0.0255296, 2.33131, 3.20582
2.46617, 2.4594, 2.406, 2.08666, 3.25337, 3.16579, 4.35878, 2.63544
0.602428, 0.915699, 0.543601, 0.544821, 1.10242, 1.06191, 0.0161321, 0.0127697
1.25252, 1.27672, 0.775518, 1.1398, 1.8509, 0.986097, 3.82985, 4.17787
0.0389006, 0.0423206, 0.0564625, 0.0451408, 0.0560425, 0.0420665, 0.0789901, 0.331891
0.444729, 0.443341, 0.445025, 0.534241, 0.143152, 0.413181, 0.236668, 0.331389
0.0138221, 0.0100103, 0.0135095, 0.00949168, 0.0165645, 0.0175974, 0.659499, 0.363933
0.284389, 0.12258, 0.161487, 0.202639, 0.115813, 0.615616, 0.0917267, 0.0208942
0.101482, 0.158298, 0.257516, 0.273468, 0.479336, 0.0063254, 0.212372, 1.10573
0.0201229, 0.022105, 0.0290403, 0.0452315, 0.0432798, 0.00881661, 0.0366514, 0.238911
0.0323143, 0.214537, 0.158037, 0.0681602, 0.214876, 0.00199954, 0.0484444, 0.333149
0.202248, 0.358766, 0.0149659, 0.226167, 1.48155, 0.0813482, 0.935627, 1.2613
0.000304783, 0.0944173, 0.000804639, 0.000138007, 0.0498449, 0.00131919, 1.85452, 1.38091
0.0102482, 0.0862532, 7.44527e-07, 0.0161523, 0.127312, 0.00445787, 7.23358, 8.54686
0.135877, 0.14178, 0.131171, 0.0977055, 0.00952186, 0.182686, 1.14732, 1.74469
0.0009496, 0.00265915, 5.35255e-05, 9.23113e-05, 0.00630143, 0.0169331, 1.11252, 0.484251
0.129945, 0.0935101, 0.221066, 0.111138, 0.128872, 0.490263, 0.0705252, 0.0575144
0.061156, 0.0465536, 0.0150679, 0.0809072, 0.107239, 0.0322843, 0.638667, 0.407098
0.0486171, 0.0526991, 0.129599, 0.0841539, 0.00115602, 0.000395993, 0.0310399, 0.0417031
0.00012053, 0.00598363, 2.34084e-05, 0.00767604, 0.00264667, 0.00073301, 0.134482, 0.117705
1.19975, 0.846458, 0.351273, 0.710338, 0.623776, 1.92211, 0.0592816, 0.0324846
0.0248009, 0.545962, 0.244991, 0.054532, 0.298371, 0.332426, 1.66301, 1.69189
0.0360553, 0.0281273, 0.0518309, 0.070491, 0.0559219, 0.0516167, 0.258598, 0.317387
0.0113555, 0.00080307, 0.0175597, 0.00741687, 0.0071042, 0.0358629, 0.0829189, 0.200509
0.288215, 0.220532, 0.190568, 0.340408, 0.318345, 0.312533, 0.547842, 0.310436
0.00761183, 0.0162185, 0.166409, 0.0207149, 0.1752, 0.0694268, 0.00566482, 0.103612
0.0638702, 0.0620146, 0.0642283, 0.074372, 0.0606069, 0.00421807, 0.51892, 0.00918403
0.775132, 0.849142, 0.547063, 0.752548, 0.932467, 0.774509, 3.47111, 2.30729
0.191553, 0.352086, 0.226476, 0.197703, 0.268168, 0.232929, 1.31984, 0.756827
0.24295, 1.4514, 0.242957, 0.454589, 1.35171, 0.454593, 0.0313072, 1.55461
0.164996, 0.175545, 0.18802, 0.157532, 0.18153, 0.166155, 2.92235, 2.21038
0.0100255, 0.0032195, 0.0136672, 0.0119954, 0.0605762, 0.0409255, 0.681564, 0.755292
0.490093, 0.538568, 0.403359, 0.410663, 1.19353, 0.515245, 0.180913, 0.876466
0.24998, 0.278546, 0.23261, 0.270258, 0.423174, 0.463405, 0.373602, 0.00851714
0.843115, 0.600026, 0.660621, 0.844714, 0.660075, 0.809427, 0.59581, 0.312525
2.01347, 1.95689, 1.37522, 2.10555, 2.0356, 1.00398, 0.460178, 0.0917931
0.0578095, 1.32291e-05, 0.00233415, 0.00263656, 0.01737, 0.0388429, 0.0441626, 0.000905289
0.234255, 0.720869, 0.158197, 0.625756, 0.505812, 0.00166177, 1.57931, 4.1284
4.11518, 4.18846, 3.84263, 3.83485, 4.04619, 4.05203, 2.24093, 3.85651
0.103186, 0.107628, 0.105752, 0.138653, 0.128856, 0.0265731, 0.967521, 0.160427
5.49418e-06, 9.28376e-09, 0.00458494, 0.00478214, 0.000352249, 0.00744841, 1.49255, 0.88229
0.143942, 0.200151, 0.146167, 0.167582, 0.126331, 0.0299203, 2.01989, 2.68714
0.00308802, 0.0026078, 0.11592, 0.000309895, 0.000395913, 0.101583, 0.542311, 0.16632
0.0122631, 0.0308571, 0.0230844, 0.0174099, 0.00872262, 0.00285722, 0.71869, 0.0699681
1.55909, 2.47917, 1.55944, 2.0626, 2.43625, 2.06511, 1.08644, 2.53911
0.424292, 0.407971, 0.411175, 0.509438, 0.412797, 0.407062, 0.311294, 0.259917
0.00558398, 0.00344983, 5.23505e-05, 0.0115278, 0.0164702, 0.0814824, 0.0676333, 0.119113
0.555668, 0.518011, 0.560567, 0.580754, 0.612686, 0.383663, 0.109536, 0.0795775
0.0227629, 0.0444614, 0.0242978, 0.0642863, 0.040568, 1.35291e-05, 0.0513762, 0.233097
0.729366, 0.979385, 0.764442, 0.96695, 0.794809, 0.392747, 0.633971, 2.07528
0.493563, 1.11998, 0.523843, 0.904368, 1.2976, 0.291216, 0.95376, 1.35693
0.205909, 0.141912, 0.207893, 0.112589, 0.401357, 0.283683, 2.12344, 1.54481
0.24436, 0.027767, 0.0154159, 0.316732, 0.00410486, 0.00045468, 3.34358, 2.414
0.76402, 0.784027, 0.772782, 0.715601, 0.744218, 0.85077, 0.53111, 0.515748
0.038575, 0.0382129, 0.0385602, 0.0166347, 0.0214426, 0.0635846, 0.0584964, 0.0224071
0.500095, 0.458733, 0.42594, 0.443397, 0.664162, 0.540019, 0.41444, 0.562866
0.251689, 0.226865, 0.260359, 0.301073, 0.171422, 0.273802, 0.00820852, 0.0309876
3.26148, 3.273, 4.07679, 3.8188, 3.42498, 1.84378, 4.1796, 5.28402
0.21608, 0.245008, 0.171738, 0.175181, 0.473715, 0.486103, 1.05535, 1.5759
0.10362, 0.0288602, 0.00875044, 0.1034, 0.00404041, 0.00278898, 1.57595, 0.404307
0.0683753, 0.0312752, 0.0684582, 0.0619192, 0.0111998, 0.109422, 0.371484, 0.0411109
0.00963328, 0.0051147, 0.0268159, 0.00683142, 0.000682398, 0.0264865, 0.0689538, 0.285425
0.228263, 0.260119, 0.264758, 0.239212, 0.227257, 0.372825, 0.0170413, 0.00925414
0.010306, 1.26211e-06, 0.002914, 0.011456, 0.0199131, 0.0234738, 0.233072, 0.534086
0.0312753, 0.124829, 0.260966, 0.0505392, 0.154878, 0.126835, 0.537577, 0.56322
0.845371, 0.697268, 0.758445, 0.682856, 1.13538, 0.256746, 0.18742, 0.204324
0.11268, 0.13919, 0.0257358, 0.031289, 0.301263, 0.0263987, 0.0607542, 0.489393
0.300279, 0.0087024, 0.0999456, 0.166554, 0.000162831, 0.103781, 0.00661831, 0.0101394
0.0488252, 0.0102319, 0.0471682, 0.0368394, 0.00292068, 0.0644986, 0.383188, 0.280785
0.0541336, 0.0867885, 0.0102133, 0.043365, 0.00181117, 0.0624056, 0.541142, 0.394825
0.0571557, 0.0667144, 0.0158939, 0.117962, 0.0694752, 0.0041173, 0.000567601, 0.233847
0.49834, 0.473481, 0.469894, 0.515977, 0.34051, 1.14038, 2.63113, 3.20974
0.205492, 0.0188431, 0.190246, 0.129405, 0.0026492, 0.0721211, 0.169456, 0.179559
0.110054, 0.139922, 0.0928409, 0.113798, 0.225752, 0.101575, 0.0645891, 0.116734
0.0343591, 0.0352611, 0.0705735, 0.0281635, 0.0252948, 0.00286629, 0.20661, 0.000150485
0.0626277, 0.0660839, 0.059776, 0.0514606, 0.0514193, 0.159382, 0.136712, 0.998873
2.16238e-06, 0.000509873, 0.00407075, 0.00929899, 0.00419795, 0.0732633, 0.023682, 0.345519
1.55573, 1.33745, 1.4343, 1.53175, 1.63318, 2.81565, 0.073682, 0.0917081
2.07811, 2.0716, 1.47905, 1.95911, 2.69604, 1.31072, 1.40882, 2.88522
0.650304, 0.652957, 0.609976, 0.683133, 0.545273, 0.466827, 0.154487, 0.0375191
0.134783, 0.157775, 0.132671, 0.11798, 0.155533, 0.170195, 0.083911, 0.323499
1.08086, 1.64276, 0.878727, 1.45735, 1.41702, 0.792456, 1.40096, 4.20573
0.0171941, 0.0279335, 0.0305127, 0.000421253, 0.000840369, 6.3926e-05, 0.400919, 1.62704
0.133283, 0.226046, 0.136854, 0.198218, 0.0884722, 0.114086, 0.111355, 0.0104526
0.60963, 0.672932, 0.143496, 0.538971, 0.834809, 3.9879, 3.90328, 6.732
0.0618834, 0.00107892, 0.0292215, 0.0334479, 0.0037726, 0.0792028, 0.0152629, 0.0287415
0.205643, 0.343005, 0.120908, 0.239612, 0.109511, 0.14262, 0.352608, 0.13187
0.47172, 0.109266, 0.0819765, 0.359007, 0.286676, 0.0591575, 0.657848, 0.497375
0.0548575, 0.0602229, 0.0213426, 0.213072, 0.244548, 0.138308, 0.507028, 1.50616
0.00481092, 0.0505002, 0.0289267, 0.0848877, 0.000799244, 0.0270896, 0.00706539, 1.02869
0.405932, 0.782993, 0.470209, 0.427395, 0.808232, 0.228081, 1.33879, 1.64508
0.0555216, 0.0448537, 0.0142084, 0.0230232, 0.210169, 0.0539566, 0.585009, 0.314545
1.45624, 1.35243, 1.05289, 1.07484, 1.28865, 1.21747, 0.265101, 0.230711
0.0046876, 0.045262, 0.00409423, 0.0107067, 0.000542924, 0.00124523, 0.356136, 0.703872
0.0570634, 0.0500103, 0.160732, 0.0772871, 0.114456, 0.171462, 0.0356668, 0.00239378
0.391558, 0.307172, 0.69696, 0.309768, 0.183512, 0.362326, 0.0495223, 0.000962159
1.07465, 1.1365, 0.931605, 1.12922, 0.50219, 0.726202, 0.696102, 0.555937
0.192877, 0.186416, 0.0101695, 0.111169, 0.180326, 0.086714, 0.173776, 0.00647782
0.292951, 0.159585, 0.239966, 0.456935, 0.163259, 0.342618, 0.949514, 1.38771
0.310325, 0.0184558, 0.685301, 0.345401, 0.0103534, 0.00754998, 0.0619273, 0.0159624
0.0718602, 0.0825917, 0.0709563, 0.0991604, 0.168375, 0.0616548, 1.42551, 0.108002
0.00401963, 0.00248255, 0.0020521, 0.00225072, 0.0109632, 0.000254452, 0.48957, 1.144
0.0119037, 0.023118, 0.0445585, 0.00520711, 0.0206694, 0.0701688, 1.56147, 2.23963
0.0111517, 0.00932883, 4.11753e-06, 3.08497e-05, 0.0308766, 0.000997201, 0.459802, 0.110914
0.0135498, 0.201759, 0.00526031, 0.000577787, 0.381784, 0.158344, 1.19792, 0.00986314
0.655434, 0.609278, 0.618441, 0.694822, 0.498631, 0.520288, 0.200946, 0.0883374
0.181396, 0.0899744, 0.181404, 0.262842, 0.65126, 0.262857, 2.19889, 0.194091
1.29026, 0.971442, 0.923303, 1.35104, 0.864425, 0.821433, 0.461216, 0.681211
0.0159011, 0.00107768, 0.00918886, 0.00615171, 0.0424294, 0.0462823, 0.044047, 0.0264133
0.000216187, 0.0345744, 0.0419961, 0.00216265, 0.00168222, 0.101114, 0.00340549, 0.0276507
0.76789, 0.724301, 0.757802, 0.662805, 1.12349, 0.775954, 0.382375, 0.222198
0.2149, 0.140105, 0.134377, 0.129958, 0.136593, 0.0656529, 0.404501, 0.129065
0.15276, 0.178095, 0.210916, 0.184778, 0.120313, 0.148872, 0.250934, 0.083679
0.113586, 0.118979, 0.101101, 0.172314, 0.0494143, 0.121398, 0.0897338, 0.082499
0.0554086, 0.0731697, 0.0599656, 0.0741619, 0.204137, 0.316299, 0.0623086, 0.0247666
0.0573281, 0.0836198, 0.0421432, 0.0553047, 0.00926561, 0.0222069, 0.163084, 0.293823
0.298505, 0.691031, 0.533808, 0.404266, 0.677138, 0.213194, 0.0795578, 0.203305
0.0546863, 0.00984046, 0.0131994, 0.0348818, 0.00895509, 0.0165458, 0.0117479, 0.0125553
0.000503405, 3.44435e-05, 0.00306177, 0.00236527, 0.170559, 0.00591299, 0.302136, 0.0286835
0.196455, 0.0763949, 0.0034923, 0.17678, 0.0934353, 0.0255338, 0.0136521, 0.000491156
0.0754815, 0.0149533, 0.201495, 0.0594581, 0.0324936, 0.146753, 0.441172, 0.173467
0.157588, 0.107832, 0.09085, 0.0854068, 0.123324, 0.811715, 0.489293, 0.209507
0.00725815, 0.00726128, 0.0051941, 0.0119618, 0.0628301, 0.0349762, 3.21806, 1.75296
0.725444, 0.575234, 0.609113, 0.688398, 0.329887, 0.591431, 1.95885, 0.699926
0.336286, 0.435066, 0.15503, 0.214322, 0.554866, 0.30809, 0.182386, 1.24467
2.15807, 2.16916, 2.13342, 2.27628, 2.73461, 1.88759, 1.5527, 2.09016
0.0854969, 0.00974396, 0.0967526, 0.0577762, 0.018591, 0.151557, 0.662014, 0.22049
0.0033351, 0.0104599, 0.00179113, 0.00148016, 1.09941e-05, 0.318046, 0.060587, 0.810473
1.33614, 1.33435, 1.37711, 1.27791, 0.942607, 2.08335, 6.58625, 3.63081
2.2229, 0.0728663, 0.0394496, 2.30941, 0.0385176, 0.0270977, 0.394645, 0.789361
0.183413, 0.231822, 0.342857, 0.208054, 0.20104, 0.0103762, 0.792801, 0.226323
0.33003, 0.140643, 0.0570888, 0.143633, 0.257171, 0.319224, 0.0517947, 0.00837576
0.110007, 0.0594854, 0.0478844, 0.166683, 0.038142, 0.0943639, 1.60759, 0.14296
0.046665, 0.0094584, 0.0205608, 0.0391612, 0.018358, 0.284199, 0.554391, 0.168054
0.00275598, 0.285835, 0.0120537, 0.0332878, 0.00259799, 0.00364575, 1.18531, 1.78352
0.167302, 0.154752, 0.12258, 0.140188, 0.0799368, 0.743753, 0.2987, 0.564473
0.00247703, 2.86843e-05, 0.000273184, 0.0262008, 0.0463026, 2.17863e-05, 0.0659232, 0.000496327
0.273196, 0.208698, 0.310683, 0.381785, 0.0672938, 0.159151, 0.0167341, 0.0107468
0.0732575, 0.219002, 0.331974, 0.171757, 0.0180798, 0.0876526, 2.66386, 2.28625
2.34911, 2.46199, 0.159761, 2.24934, 2.41681, 0.198019, 0.998623, 2.18378
0.0264535, 0.493686, 0.109233, 0.0397637, 0.745793, 0.221921, 1.39939, 0.96468
1.73791, 1.66762, 1.64305, 1.66207, 1.34966, 1.4361, 0.970001, 1.31981
1.00323, 1.03521, 0.971533, 1.07623, 1.10738, 0.992783, 0.308889, 0.760401
0.00147993, 7.61971e-05, 0.0110806, 0.000324809, 0.0542352, 0.0399943, 0.283191, 1.53727
0.0218963, 0.0226319, 0.0175587, 0.0520131, 0.0216507, 0.14799, 0.190161, 0.276824
7.59833e-07, 0.0019459, 0.00741518, 1.74524e-05, 0.153891, 0.108369, 0.704637, 0.0854719
0.00778784, 0.00712348, 0.00107696, 0.0114102, 0.0607886, 2.21869, 0.168552, 1.63018
0.317473, 0.675151, 0.418623, 0.399686, 0.57932, 0.127075, 0.727025, 1.45772
0.298894, 0.315057, 0.283871, 0.3955, 0.349217, 0.156231, 2.87165, 1.86134
0.172044, 0.191521, 0.227048, 0.258453, 0.181054, 0.0560164, 0.749942, 0.148248
0.322464, 0.204995, 0.147973, 0.299273, 0.357611, 0.136173, 0.167096, 0.937494
0.0496595, 0.0449952, 0.00429916, 0.0206437, 0.195904, 0.00703394, 0.126867, 0.166617
0.00401694, 0.00298969, 0.0174102, 0.0034124, 0.00580333, 0.0317681, 0.562682, 0.801316
0.506709, 0.37671, 0.241023, 0.51865, 0.240622, 0.406421, 0.0601205, 0.204549
0.00776916, 3.52908e-05, 0.0144095, 0.000333024, 0.0031154, 0.00640545, 2.00841, 1.66881
2.29897, 2.4943, 2.317, 2.5335, 2.37256, 2.66123, 1.37567, 1.76476
0.549211, 0.545842, 0.22201, 0.355712, 0.358013, 0.355658, 0.000974659, 0.613835
0.049142, 0.0292271, 0.00724412, 0.0333501, 0.0447515, 0.00618217, 0.000860178, 7.18513e-05
0.21984, 0.225394, 0.37838, 0.300453, 0.297253, 0.229285, 9.0389e-05, 2.74453e-05
0.0267553, 0.00323075, 0.00300245, 0.0081336, 0.00171111, 0.268019, 0.650451, 0.705078
0.00893966, 0.000360259, 0.00497761, 0.00800414, 0.0241435, 7.01242e-05, 1.34611, 1.80984
0.340929, 0.066971, 0.0980902, 0.336364, 0.12679, 0.0142439, 0.0528647, 0.121036
0.692544, 0.643043, 0.604305, 0.587619, 0.897441, 0.382717, 0.906918, 0.88742
0.033001, 0.0613883, 0.0402283, 0.205358, 0.0191689, 0.0440166, 0.738019, 2.11308
0.000969403, 0.000680328, 0.00799524, 0.00127351, 0.0113837, 0.00548784, 0.306994, 0.0331251
0.158969, 0.622689, 0.524119, 0.173299, 1.29052, 0.373796, 2.23862, 1.14093
0.137715, 0.0702751, 0.00637701, 0.0601383, 0.0569312, 0.0597829, 0.575665, 0.837264
0.0971769, 0.00874576, 0.650869, 0.0776168, 0.218938, 0.706363, 0.128568, 0.337041
0.0406893, 0.00493322, 0.0421674, 0.0012217, 0.00119082, 0.100074, 0.435306, 0.0198044
0.000876168, 0.000794425, 0.000816504, 0.000522677, 0.132881, 0.0231263, 0.361372, 0.450846
0.66188, 0.658981, 0.71361, 1.15679, 0.661052, 0.103097, 3.83125, 4.5957
0.177668, 0.160889, 0.00201564, 0.0350342, 0.0794783, 0.0187314, 1.79883, 2.09864
0.516563, 0.220903, 0.402311, 0.405897, 0.368104, 0.835065, 0.662927, 0.329927
0.205049, 0.199965, 0.210062, 0.344795, 0.134262, 0.761146, 0.543249, 0.197826
0.682487, 0.690214, 0.725848, 0.671922, 0.433293, 0.66952, 0.0289748, 0.102616
7.45476e-06, 0.000256558, 3.18258e-06, 0.00551952, 0.00360517, 0.00489657, 1.65484, 2.7488
0.105603, 0.151996, 0.110172, 0.168667, 0.10997, 0.0447669, 0.464145, 0.178646
0.00712102, 4.49061e-05, 0.00955915, 0.00336589, 0.0540619, 0.180604, 0.0240333, 0.0289781
0.315066, 0.326287, 0.314924, 0.310795, 0.197276, 0.375733, 0.828038, 0.913497
0.502904, 0.697573, 0.407414, 0.427677, 0.749969, 0.504236, 0.823594, 1.86833
0.408421, 0.247587, 0.349658, 0.368706, 0.253595, 0.350344, 0.0825088, 0.0857492
0.00458162, 0.00949367, 0.0218855, 3.78263e-06, 2.12785e-05, 0.00425296, 1.24476, 1.43433
0.0055147, 0.00529514, 0.00291335, 0.000302774, 0.00329597, 0.0288578, 0.51235, 0.0220441
0.473225, 0.791645, 0.378441, 0.468855, 0.452736, 0.351517, 0.0104136, 0.278064
0.718065, 0.757866, 0.00282164, 0.572228, 0.793958, 0.393948, 0.0980287, 0.143913
0.0587271, 0.196792, 0.0554731, 0.0824271, 0.227229, 0.172612, 1.98004, 1.22652
0.274684, 0.251904, 0.155423, 0.297681, 0.332324, 0.342469, 0.00170836, 0.00393363
0.00184973, 0.087452, 0.0299733, 0.00198379, 0.183484, 0.101313, 0.453918, 0.236676
0.335394, 0.4964, 0.261962, 0.270669, 0.551372, 0.488534, 0.0089884, 0.0213031
0.384574, 0.317212, 0.309664, 0.277511, 0.161009, 0.290807, 0.0213721, 0.192911
0.267359, 0.205633, 0.272992, 0.280239, 0.206662, 0.419732, 0.0233364, 0.0172724
0.441041, 0.454696, 0.336722, 0.429881, 0.558188, 0.763703, 0.101553, 0.0607772
0.0534951, 0.000276782, 0.00319756, 0.0449905, 0.112478, 0.0600432, 0.258597, 0.012248
0.0194418, 0.022529, 0.0939049, 0.0437465, 0.00055527, 0.0703263, 0.85411, 0.914061
0.0320223, 0.397125, 0.00026541, 0.0249566, 0.223981, 0.0567213, 0.000124144, 0.364963
0.0422713, 0.0236448, 0.077455, 0.0102188, 0.00334848, 0.00369434, 2.6154, 3.25079
0.0944713, 0.194257, 0.282227, 0.135615, 0.150083, 0.35315, 2.28923, 2.08826
0.180062, 0.202823, 0.196782, 0.185741, 0.347729, 0.254563, 0.114028, 0.00644047
0.786731, 1.02552, 0.72308, 0.965617, 0.759225, 0.420811, 1.44194, 2.04488
0.348592, 0.25865, 0.323584, 0.238246, 0.347482, 1.24999, 1.29666, 2.09989
0.144107, 0.161166, 0.109771, 0.159932, 0.0489704, 0.145884, 0.0537392, 0.0667974
0.00287748, 0.0138176, 0.0224169, 0.0163837, 0.00183105, 0.000760585, 0.440582, 0.663462
0.0177311, 0.0108276, 0.0175301, 0.00471159, 0.0164875, 0.0536631, 0.00955664, 0.00602207
1.45342, 1.49022, 0.294767, 1.26015, 1.20818, 0.480612, 1.53934, 2.31061
0.148408, 0.244155, 0.244943, 0.268742, 0.107923, 0.0319519, 1.25208, 1.64267
1.72982, 1.70236, 1.73451, 1.73665, 1.74864, 1.59632, 3.86772, 1.39264
1.74062, 1.19804, 1.32521, 1.94661, 1.23987, 1.22677, 2.77943, 3.38757
0.000590948, 0.014695, 0.0602373, 0.00822954, 0.0285291, 0.704888, 0.0566529, 0.0516045
0.435284, 2.16468, 0.0821808, 0.229503, 0.234088, 0.261595, 1.90749, 1.56301
0.0317988, 0.0175185, 0.0329118, 0.0215845, 0.116692, 0.0344469, 0.0372935, 0.579528
0.207426, 0.197347, 0.224144, 0.223662, 0.429879, 0.242513, 0.00676204, 0.0132125
0.0814556, 0.0247269, 0.0625105, 0.0358119, 0.223267, 0.201239, 0.00789605, 0.000766869
0.127772, 0.126977, 0.126441, 0.126149, 0.263367, 0.0869545, 0.000957922, 0.0653018
0.476285, 0.607575, 0.743114, 0.572828, 0.398426, 0.743958, 0.152666, 0.0708369
0.0414842, 0.0415747, 0.0182193, 0.0207009, 0.00405819, 0.285689, 1.61696, 0.477401
1.6805, 2.28397, 2.34261, 1.74626, 2.23385, 2.36593, 0.418037, 1.12286
0.0668767, 0.0301331, 0.0458808, 0.0240853, 0.0253973, 0.502916, 0.1652, 0.093512
1.31221, 1.31578, 1.20424, 1.38177, 1.68145, 1.73135, 0.531749, 0.771874
0.573354, 0.70234, 0.979217, 0.618849, 0.861001, 0.334537, 0.0886841, 0.0829101
0.51594, 0.227987, 0.00497542, 0.28979, 0.0263856, 0.00264606, 0.918653, 1.7849
0.312849, 0.414571, 0.303012, 0.41464, 0.00446652, 0.232129, 0.00231389, 0.0540073
0.295556, 0.226807, 0.00922268, 0.28952, 0.269354, 0.0321516, 0.42567, 0.00166618
0.0687273, 0.0444736, 0.0329946, 0.0248694, 0.0129114, 0.157555, 0.464972, 0.401081
0.731531, 0.625549, 0.179625, 0.736533, 0.690805, 0.186936, 0.0552601, 0.0841925
0.170076, 0.160185, 0.174027, 0.179347, 0.133993, 0.033518, 1.96937, 0.55114
0.0494272, 0.0579525, 0.119557, 0.0366772, 0.0171369, 0.00524805, 0.40371, 0.662135
0.0103824, 0.0281546, 6.23376e-06, 8.36671e-06, 0.000596426, 0.00741004, 1.30557, 0.556619
1.99944, 2.38407, 1.97952, 2.21127, 2.41614, 1.78248, 0.871016, 0.911969
0.0696362, 0.191826, 0.0404347, 0.0333308, 0.101658, 0.0269606, 0.775462, 0.0654218
0.151458, 0.148658, 0.0458626, 0.14567, 0.179713, 6.62884e-05, 0.0536164, 0.0459795
0.00606325, 0.0208481, 0.00156299, 0.00733219, 0.00609593, 0.00188907, 0.679077, 0.350472
2.9118, 2.55699, 2.58835, 2.80212, 1.53819, 2.30616, 1.45237, 3.3018
0.177024, 0.0333312, 0.177586, 0.125946, 0.36279, 0.155326, 0.392291, 0.311033
0.13898, 0.266563, 0.129701, 0.1735, 0.0137795, 0.0841099, 0.00385828, 0.10572
0.27622, 0.108056, 0.289378, 0.105311, 0.105688, 0.212985, 0.000605046, 0.22533
0.0349637, 0.0350875, 0.0126094, 0.0118229, 0.0963453, 0.044439, 1.73613, 2.1652
0.167346, 0.176466, 0.167702, 0.18111, 0.13653, 0.210773, 0.167458, 1.48652e-06
0.102236, 0.04559, 0.0319522, 0.0533487, 0.00353994, 0.0274643, 0.995853, 0.392402
0.213348, 0.215283, 0.191063, 0.175957, 0.483189, 0.267274, 0.417216, 0.604051
0.00271972, 0.0362034, 0.0967676, 0.0180706, 0.139102, 0.0256729, 9.73143e-05, 0.84289
0.0287375, 0.000821085, 0.000373523, 0.00580019, 0.0816679, 0.00387469, 0.315461, 0.942042
0.00680398, 0.0073135, 0.03763, 0.00693793, 0.0226651, 0.082064, 0.00558869, 0.0227598
0.307715, 0.193771, 0.09982, 0.320161, 0.0777442, 0.0274768, 0.00727886, 0.067546
0.0339924, 0.0284265, 0.0028063, 0.0332147, 0.0620711, 0.0567963, 0.0076065, 0.0435773
0.350072, 0.446375, 0.350969, 0.451225, 0.379074, 0.448802, 0.420991, 0.759458
0.00460039, 0.0373465, 0.0616554, 0.0398769, 0.0152869, 0.0519178, 0.959341, 0.112159
0.0151539, 0.000882662, 0.0168806, 1.71175e-06, 0.000362694, 0.0528693, 2.46671, 3.53333
0.126104, 0.193474, 0.0984611, 0.18953, 0.167292, 0.0336364, 2.36218, 2.31496
0.0241702, 0.0177643, 0.0241801, 0.0150728, 0.293672, 0.0243763, 0.212352, 0.308519
0.998567, 1.01496, 1.0555, 1.06926, 0.718335, 1.18562, 0.858271, 1.65961
0.197646, 0.206145, 0.153437, 0.252745, 0.202777, 0.275854, 0.677988, 0.153459
0.0445704, 0.0461883, 0.0522419, 0.0532186, 0.0141172, 0.0686733, 0.00471928, 0.341136
0.611187, 0.57084, 0.530046, 0.588606, 0.598524, 0.239335, 0.084945, 0.13866
0.0308779, 0.0299965, 0.0111689, 0.00783313, 0.00717827, 0.00354924, 0.0632393, 0.00336491
0.408268, 0.645714, 0.0849624, 0.275854, 0.59286, 0.0318035, 2.7741, 2.11394
0.67975, 0.757464, 0.614721, 0.73348, 0.330402, 0.245216, 0.323034, 0.0115466
0.0115567, 0.0184584, 0.00158443, 0.000321994, 0.0273735, 0.113823, 0.205029, 0.239711
0.0183552, 0.0211873, 0.036525, 0.0040207, 0.0293484, 0.530601, 0.108949, 0.000405666
0.328732, 0.196328, 0.295204, 0.279155, 0.0691684, 0.0217724, 0.037795, 0.00122305
0.104213, 0.125917, 0.0908724, 0.123046, 0.135402, 0.0779488, 3.40955e-06, 0.101951
3.26413, 3.47634, 1.5562, 2.60759, 3.90768, 1.4247, 4.93662, 6.16647
0.0106001, 0.0299628, 6.55672, 0.000436979, 0.0380856, 3.24209, 5.99113, 6.1069
0.205917, 0.257239, 0.252041, 0.221883, 0.152427, 0.112066, 0.0499308, 0.05427
0.008999, 0.021624, 0.000407452, 0.0151331, 0.102261, 0.0168153, 0.476541, 0.358572
0.241235, 0.128127, 0.403689, 0.228768, 0.317597, 0.410027, 0.0504119, 0.119273
0.134444, 0.16815, 0.20511, 0.167351, 0.183246, 0.157745, 0.00822007, 0.0954883
0.00156306, 0.274143, 0.00480556, 0.0117607, 0.0163909, 0.063348, 2.43484, 1.18722
0.182568, 0.14774, 0.137277, 0.10984, 0.179662, 0.444034, 0.285714, 0.066273
0.141993, 0.220428, 0.234793, 0.142959, 0.169852, 0.13691, 0.0043757, 0.00248328
0.0941186, 0.094447, 0.0934243, 0.117282, 0.164517, 9.88466e-05, 0.345218, 0.0958564
0.026617, 0.040582, 0.0101942, 0.0559306, 0.0469129, 0.0053749, 0.292914, 0.649308
0.167557, 0.148801, 0.12994, 0.0784388, 0.548697, 0.686882, 0.264638, 1.06553
0.255904, 0.256917, 0.0837177, 0.146071, 0.285255, 0.943136, 0.086152, 0.0321496
0.500107, 0.387203, 0.512639, 0.601766, 0.314171, 0.148357, 0.732525, 1.55738
0.111917, 0.0759537, 0.11938, 0.108758, 0.132479, 0.153722, 0.464613, 0.300094
1.83418, 1.37763, 1.74208, 1.68828, 1.58304, 2.14451, 0.137653, 0.545147
0.0873301, 0.328969, 0.018839, 0.110952, 0.401661, 0.00855943, 1.50936, 2.27033
0.152102, 0.1878, 0.125241, 0.140544, 0.187507, 0.3472, 3.29827, 4.51757
0.14438, 0.138153, 0.111139, 0.200217, 0.162902, 0.164757, 2.81924, 2.7605
0.221117, 0.283429, 0.0492203, 0.216049, 0.247308, 0.00449996, 0.85161, 0.891264
0.636773, 0.665372, 0.632591, 0.623408, 0.605642, 0.670983, 0.430698, 1.18824
3.00288, 2.68236, 2.98833, 2.63126, 3.09677, 3.16725, 4.04964, 3.69016
0.429951, 0.249281, 0.421325, 0.36377, 0.387537, 0.535028, 0.0339846, 0.108433
1.12723e-05, 0.015655, 0.0341791, 0.0105098, 0.0169255, 0.0938953, 0.205471, 0.345817
0.0497549, 0.0628411, 0.0403677, 0.0306989, 0.103401, 0.0838339, 1.90086, 1.40429
0.0022076, 0.00319005, 0.00116513, 0.0325148, 0.00710416, 8.96194e-05, 0.714485, 3.28429
0.361335, 0.463594, 0.390035, 0.423261, 0.702075, 0.311636, 0.633681, 0.888391
0.390628, 0.375008, 0.15157, 0.447852, 0.29858, 0.197899, 0.987456, 2.0431
0.0339793, 0.0143089, 0.0309883, 0.00769216, 0.0166425, 0.0985386, 0.0750395, 0.00644663
0.143033, 0.117006, 0.144016, 0.125525, 0.494186, 0.15966, 0.7247, 0.19216
0.0858213, 0.147337, 0.148523, 0.0850071, 0.0121346, 0.361811, 0.0235988, 0.0127996
0.0930152, 0.133979, 0.159137, 0.171117, 0.180818, 0.10416, 0.00859094, 0.266792
0.00298773, 0.021856, 0.004441, 0.0199787, 0.0780397, 0.000942399, 0.00401791, 0.315066
0.196114, 0.207944, 0.183082, 0.21294, 0.121469, 0.420975, 1.07163, 0.150052
1.96095, 2.07824, 1.96826, 1.89362, 2.32878, 2.2799, 7.2131, 6.647
0.474459, 0.536211, 0.654331, 0.456738, 0.510708, 0.693561, 0.472332, 0.0777801
0.0508211, 0.180089, 0.124442, 0.0903861, 0.135749, 0.00933173, 0.00445464, 0.537812
0.00746496, 0.00209473, 0.00503621, 0.00479183, 0.000237995, 4.21765e-05, 0.185301, 0.0347771
0.0287718, 0.0339131, 0.0387179, 0.030089, 0.00187487, 0.114893, 0.198211, 0.285151
0.114047, 0.132738, 0.113956, 0.199047, 0.0683377, 0.0829507, 0.6305, 0.486357
0.809062, 0.737361, 0.639565, 0.608205, 0.586131, 0.012701, 0.508683, 0.548275
5.66243e-05, 0.00506658, 5.22281e-05, 0.00892088, 0.0033918, 0.00172329, 0.00669779, 0.0236367
0.0615257, 0.00209856, 0.00431575, 0.0988363, 0.0581777, 0.0275793, 0.670682, 1.67665
0.100711, 0.0984218, 0.128619, 0.113596, 0.0912707, 0.0407479, 0.309963, 1.06486
0.0462778, 0.025836, 0.0523156, 0.0462409, 7.84135e-05, 0.0241227, 0.0181266, 3.75527e-05
4.18875e-05, 0.0224849, 0.000148195, 0.00462151, 0.0297926, 0.00129934, 0.23392, 0.411797
0.0980615, 0.0271727, 0.0666825, 0.0394748, 0.0483881, 0.237655, 1.66033, 3.59596
0.234639, 0.218982, 0.220928, 0.224431, 0.078344, 0.133848, 0.447985, 0.0171404
0.011736, 0.00462582, 0.093646, 0.000484724, 0.0169637, 0.0349352, 0.964392, 0.365936
2.3532, 1.97461, 1.90993, 2.25402, 1.89969, 1.82835, 1.88481, 2.66491
1.47424, 1.44247, 1.46418, 1.23742, 1.28955, 1.3366, 4.82708, 5.7101
0.305001, 0.451857, 0.335256, 0.336337, 0.361472, 0.277846, 0.0159507, 0.483958